time,cell_id,x,discharge
0.0,1,6.666666030884028,0.0
0.0,2,19.999997615815165,0.0
0.0,3,33.33333110809408,0.0
0.0,4,46.66666412353625,0.0
0.0,5,59.999994277955196,0.0
0.0,6,73.33332443237741,0.0
0.0,7,86.66666030884225,0.0
0.0,8,99.99999618530492,0.0
0.0,9,113.33331680298724,0.0
0.0,10,126.66665649414062,0.0
0.0,11,140.0,0.0
0.0,12,153.33334350585938,0.0
1.0230299324891,1,6.666666030884028,1.002823829650879
1.0230299324891,2,19.999997615815165,0.1930479258298874
1.0230299324891,3,33.33333110809408,0.014140468090772629
1.0230299324891,4,46.66666412353625,0.00047092558816075325
1.0230299324891,5,59.999994277955196,0.0
1.0230299324891,6,73.33332443237741,0.0
1.0230299324891,7,86.66666030884225,0.0011772490106523037
1.0230299324891,8,99.99999618530492,0.0011735446751117706
1.0230299324891,9,113.33331680298724,0.0
1.0230299324891,10,126.66665649414062,-0.0011735419975593686
1.0230299324891,11,140.0,0.0007062613149173558
1.0230299324891,12,153.33334350585938,0.04624529182910919
2.0616008023049393,1,6.666666030884028,1.1067469120025635
2.0616008023049393,2,19.999997615815165,0.36155375838279724
2.0616008023049393,3,33.33333110809408,0.05753197893500328
2.0616008023049393,4,46.66666412353625,0.005662416573613882
2.0616008023049393,5,59.999994277955196,0.0
2.0616008023049393,6,73.33332443237741,0.0
2.0616008023049393,7,86.66666030884225,0.005895528476685286
2.0616008023049393,8,99.99999618530492,0.005859839729964733
2.0616008023049393,9,113.33331680298724,0.0
2.0616008023049393,10,126.66665649414062,-0.004687497392296791
2.0616008023049393,11,140.0,0.012483513914048672
2.0616008023049393,12,153.33334350585938,0.18078632652759552
3.09859989343431,1,6.666666030884028,1.2096450328826904
3.09859989343431,2,19.999997615815165,0.5134291052818298
3.09859989343431,3,33.33333110809408,0.12313328683376312
3.09859989343431,4,46.66666412353625,0.019390849396586418
3.09859989343431,5,59.999994277955196,0.0018896021647378802
3.09859989343431,6,73.33332443237741,0.0009445573086850345
3.09859989343431,7,86.66666030884225,0.013693824410438538
3.09859989343431,8,99.99999618530492,0.013575788587331772
3.09859989343431,9,113.33331680298724,0.00023404863895848393
3.09859989343431,10,126.66665649414062,-0.006550880149006844
3.09859989343431,11,140.0,0.047265391796827316
3.09859989343431,12,153.33334350585938,0.3726869523525238
4.134510560618687,1,6.666666030884028,1.3111376762390137
4.134510560618687,2,19.999997615815165,0.6562725305557251
4.134510560618687,3,33.33333110809408,0.20501938462257385
4.134510560618687,4,46.66666412353625,0.04409454017877579
4.134510560618687,5,59.999994277955196,0.006857454311102629
4.134510560618687,6,73.33332443237741,0.003308175830170512
4.134510560618687,7,86.66666030884225,0.023622659966349602
4.134510560618687,8,99.99999618530492,0.023367350921034813
4.134510560618687,9,113.33331680298724,0.0021027876064181328
4.134510560618687,10,126.66665649414062,-0.001633502310141921
4.134510560618687,11,140.0,0.10979252308607101
4.134510560618687,12,153.33334350585938,0.5980843901634216
5.169886516982815,1,6.666666030884028,1.410857915878296
5.169886516982815,2,19.999997615815165,0.793645977973938
5.169886516982815,3,33.33333110809408,0.30052146315574646
5.169886516982815,4,46.66666412353625,0.08059892803430557
5.169886516982815,5,59.999994277955196,0.016804225742816925
5.169886516982815,6,73.33332443237741,0.00803530216217041
5.169886516982815,7,86.66666030884225,0.03543189540505409
5.169886516982815,8,99.99999618530492,0.03498367592692375
5.169886516982815,9,113.33331680298724,0.006994717288762331
5.169886516982815,10,126.66665649414062,0.013950562104582787
5.169886516982815,11,140.0,0.19963690638542175
5.169886516982815,12,153.33334350585938,0.8380417227745056
6.205123923662752,1,6.666666030884028,1.5084311962127686
6.205123923662752,2,19.999997615815165,0.9270533323287964
6.205123923662752,3,33.33333110809408,0.4062051773071289
6.205123923662752,4,46.66666412353625,0.129556804895401
6.205123923662752,5,59.999994277955196,0.03316788747906685
6.205123923662752,6,73.33332443237741,0.01559541467577219
6.205123923662752,7,86.66666030884225,0.04887339472770691
6.205123923662752,8,99.99999618530492,0.04841078072786331
6.205123923662752,9,113.33331680298724,0.016747020184993744
6.205123923662752,10,126.66665649414062,0.04442968964576721
6.205123923662752,11,140.0,0.3141019642353058
6.205123923662752,12,153.33334350585938,1.0802379846572876
7.2405967637913395,1,6.666666030884028,1.6034897565841675
7.2405967637913395,2,19.999997615815165,1.0569013357162476
7.2405967637913395,3,33.33333110809408,0.5198900103569031
7.2405967637913395,4,46.66666412353625,0.1909366399049759
7.2405967637913395,5,59.999994277955196,0.058106496930122375
7.2405967637913395,6,73.33332443237741,0.026924369856715202
7.2405967637913395,7,86.66666030884225,0.06416020542383194
7.2405967637913395,8,99.99999618530492,0.0643194392323494
7.2405967637913395,9,113.33331680298724,0.033627040684223175
7.2405967637913395,10,126.66665649414062,0.09153687208890915
7.2405967637913395,11,140.0,0.4481329917907715
7.2405967637913395,12,153.33334350585938,1.3155609369277954
8.276512896075902,1,6.666666030884028,1.6956605911254883
8.276512896075902,2,19.999997615815165,1.182762622833252
8.276512896075902,3,33.33333110809408,0.6395034193992615
8.276512896075902,4,46.66666412353625,0.26387467980384827
8.276512896075902,5,59.999994277955196,0.09169573336839676
8.276512896075902,6,73.33332443237741,0.04344053938984871
8.276512896075902,7,86.66666030884225,0.08176831901073456
8.276512896075902,8,99.99999618530492,0.08316627889871597
8.276512896075902,9,113.33331680298724,0.059173814952373505
8.276512896075902,10,126.66665649414062,0.1561860293149948
8.276512896075902,11,140.0,0.5977928042411804
8.276512896075902,12,153.33334350585938,1.537779450416565
9.312914520449265,1,6.666666030884028,1.7845702171325684
9.312914520449265,2,19.999997615815165,1.304916501045227
9.312914520449265,3,33.33333110809408,0.7624075412750244
9.312914520449265,4,46.66666412353625,0.3474710285663605
9.312914520449265,5,59.999994277955196,0.13474266231060028
9.312914520449265,6,73.33332443237741,0.06585093587636948
9.312914520449265,7,86.66666030884225,0.10191580653190613
9.312914520449265,8,99.99999618530492,0.10583896934986115
9.312914520449265,9,113.33331680298724,0.09463620185852051
9.312914520449265,10,126.66665649414062,0.23843622207641602
9.312914520449265,11,140.0,0.7576096653938293
9.312914520449265,12,153.33334350585938,1.743082046508789
10.349808047965757,1,6.666666030884028,1.8698599338531494
10.349808047965757,2,19.999997615815165,1.4224028587341309
10.349808047965757,3,33.33333110809408,0.8878686428070068
10.349808047965757,4,46.66666412353625,0.441140741109848
10.349808047965757,5,59.999994277955196,0.18812763690948486
10.349808047965757,6,73.33332443237741,0.09488791972398758
10.349808047965757,7,86.66666030884225,0.1257839947938919
10.349808047965757,8,99.99999618530492,0.13323186337947845
10.349808047965757,9,113.33331680298724,0.14122070372104645
10.349808047965757,10,126.66665649414062,0.3367053270339966
10.349808047965757,11,140.0,0.9239909052848816
10.349808047965757,12,153.33334350585938,1.9289003610610962
11.387656239537511,1,6.666666030884028,1.9512263536453247
11.387656239537511,2,19.999997615815165,1.5356448888778687
11.387656239537511,3,33.33333110809408,1.0141412019729614
11.387656239537511,4,46.66666412353625,0.5438710451126099
11.387656239537511,5,59.999994277955196,0.2523595988750458
11.387656239537511,6,73.33332443237741,0.13097140192985535
11.387656239537511,7,86.66666030884225,0.15419705212116241
11.387656239537511,8,99.99999618530492,0.16701188683509827
11.387656239537511,9,113.33331680298724,0.1996903270483017
11.387656239537511,10,126.66665649414062,0.4488266110420227
11.387656239537511,11,140.0,1.0926237106323242
11.387656239537511,12,153.33334350585938,2.0947647094726562
12.42669475004009,1,6.666666030884028,2.0283660888671875
12.42669475004009,2,19.999997615815165,1.6437535285949707
12.42669475004009,3,33.33333110809408,1.1395807266235352
12.42669475004009,4,46.66666412353625,0.6537723541259766
12.42669475004009,5,59.999994277955196,0.32730546593666077
12.42669475004009,6,73.33332443237741,0.17609532177448273
12.42669475004009,7,86.66666030884225,0.18886065483093262
12.42669475004009,8,99.99999618530492,0.20831531286239624
12.42669475004009,9,113.33331680298724,0.27002620697021484
12.42669475004009,10,126.66665649414062,0.5735762119293213
12.42669475004009,11,140.0,1.2604762315750122
12.42669475004009,12,153.33334350585938,2.240612745285034
13.466458869657844,1,6.666666030884028,2.1009504795074463
13.466458869657844,2,19.999997615815165,1.7463845014572144
13.466458869657844,3,33.33333110809408,1.2635958194732666
13.466458869657844,4,46.66666412353625,0.7696364521980286
13.466458869657844,5,59.999994277955196,0.41232848167419434
13.466458869657844,6,73.33332443237741,0.23098555207252502
13.466458869657844,7,86.66666030884225,0.23039551079273224
13.466458869657844,8,99.99999618530492,0.2581275701522827
13.466458869657844,9,113.33331680298724,0.35189297795295715
13.466458869657844,10,126.66665649414062,0.7079269886016846
13.466458869657844,11,140.0,1.424491286277771
13.466458869657844,12,153.33334350585938,2.366821527481079
14.505774657257483,1,6.666666030884028,2.168644428253174
14.505774657257483,2,19.999997615815165,1.842851161956787
14.505774657257483,3,33.33333110809408,1.3846032619476318
14.505774657257483,4,46.66666412353625,0.8899509310722351
14.505774657257483,5,59.999994277955196,0.5074346661567688
14.505774657257483,6,73.33332443237741,0.2956710457801819
14.505774657257483,7,86.66666030884225,0.2807735502719879
14.505774657257483,8,99.99999618530492,0.3173553943634033
14.505774657257483,9,113.33331680298724,0.44511327147483826
14.505774657257483,10,126.66665649414062,0.8492790460586548
14.505774657257483,11,140.0,1.5826681852340698
14.505774657257483,12,153.33334350585938,2.474689483642578
15.544670291000234,1,6.666666030884028,2.231239080429077
15.544670291000234,2,19.999997615815165,1.9335612058639526
15.544670291000234,3,33.33333110809408,1.5018491744995117
15.544670291000234,4,46.66666412353625,1.0136772394180298
15.544670291000234,5,59.999994277955196,0.6114762425422668
15.544670291000234,6,73.33332443237741,0.37101319432258606
15.544670291000234,7,86.66666030884225,0.34115123748779297
15.544670291000234,8,99.99999618530492,0.38670921325683594
15.544670291000234,9,113.33331680298724,0.5482428669929504
15.544670291000234,10,126.66665649414062,0.9953799247741699
15.544670291000234,11,140.0,1.733801245689392
15.544670291000234,12,153.33334350585938,2.5657410621643066
16.583332374309517,1,6.666666030884028,2.288572311401367
16.583332374309517,2,19.999997615815165,2.0173635482788086
16.583332374309517,3,33.33333110809408,1.6145126819610596
16.583332374309517,4,46.66666412353625,1.1388342380523682
16.583332374309517,5,59.999994277955196,0.7235860824584961
16.583332374309517,6,73.33332443237741,0.45726650953292847
16.583332374309517,7,86.66666030884225,0.41230326890945435
16.583332374309517,8,99.99999618530492,0.4670027196407318
16.583332374309517,9,113.33331680298724,0.6607701778411865
16.583332374309517,10,126.66665649414062,1.1440541744232178
16.583332374309517,11,140.0,1.8762774467468262
16.583332374309517,12,153.33334350585938,2.6423146724700928
17.621410230838382,1,6.666666030884028,2.3404924869537354
17.621410230838382,2,19.999997615815165,2.095391035079956
17.621410230838382,3,33.33333110809408,1.722110629081726
17.621410230838382,4,46.66666412353625,1.2642784118652344
17.621410230838382,5,59.999994277955196,0.8425180912017822
17.621410230838382,6,73.33332443237741,0.5549961924552917
17.621410230838382,7,86.66666030884225,0.49503764510154724
17.621410230838382,8,99.99999618530492,0.5584284067153931
17.621410230838382,9,113.33331680298724,0.7817526459693909
17.621410230838382,10,126.66665649414062,1.293068766593933
17.621410230838382,11,140.0,2.0093603134155273
17.621410230838382,12,153.33334350585938,2.7054357528686523
18.657749873229992,1,6.666666030884028,2.3868660926818848
18.657749873229992,2,19.999997615815165,2.167118549346924
18.657749873229992,3,33.33333110809408,1.8242003917694092
18.657749873229992,4,46.66666412353625,1.388620138168335
18.657749873229992,5,59.999994277955196,0.9675438404083252
18.657749873229992,6,73.33332443237741,0.6633989214897156
18.657749873229992,7,86.66666030884225,0.5899794697761536
18.657749873229992,8,99.99999618530492,0.6608125567436218
18.657749873229992,9,113.33331680298724,0.9102686047554016
18.657749873229992,10,126.66665649414062,1.4411547183990479
18.657749873229992,11,140.0,2.132533073425293
18.657749873229992,12,153.33334350585938,2.756777286529541
19.690835159471643,1,6.666666030884028,2.427617073059082
19.690835159471643,2,19.999997615815165,2.232581377029419
19.690835159471643,3,33.33333110809408,1.9206534624099731
19.690835159471643,4,46.66666412353625,1.5113624334335327
19.690835159471643,5,59.999994277955196,1.0977685451507568
19.690835159471643,6,73.33332443237741,0.7819496393203735
19.690835159471643,7,86.66666030884225,0.6968903541564941
19.690835159471643,8,99.99999618530492,0.7734282612800598
19.690835159471643,9,113.33331680298724,1.0443146228790283
19.690835159471643,10,126.66665649414062,1.5865827798843384
19.690835159471643,11,140.0,2.2455716133117676
19.690835159471643,12,153.33334350585938,2.7985663414001465
20.717730742085052,1,6.666666030884028,2.462705135345459
20.717730742085052,2,19.999997615815165,2.292628049850464
20.717730742085052,3,33.33333110809408,2.0107975006103516
20.717730742085052,4,46.66666412353625,1.630843997001648
20.717730742085052,5,59.999994277955196,1.2308251857757568
20.717730742085052,6,73.33332443237741,0.9098036885261536
20.717730742085052,7,86.66666030884225,0.8150733709335327
20.717730742085052,8,99.99999618530492,0.8962822556495667
20.717730742085052,9,113.33331680298724,1.1829620599746704
20.717730742085052,10,126.66665649414062,1.7277437448501587
20.717730742085052,11,140.0,2.348217248916626
20.717730742085052,12,153.33334350585938,2.8317835330963135
21.73714030967747,1,6.666666030884028,2.492241621017456
21.73714030967747,2,19.999997615815165,2.3470325469970703
21.73714030967747,3,33.33333110809408,2.0950546264648438
21.73714030967747,4,46.66666412353625,1.747031331062317
21.73714030967747,5,59.999994277955196,1.3658080101013184
21.73714030967747,6,73.33332443237741,1.046038269996643
21.73714030967747,7,86.66666030884225,0.9449582099914551
21.73714030967747,8,99.99999618530492,1.0279648303985596
21.73714030967747,9,113.33331680298724,1.3251711130142212
21.73714030967747,10,126.66665649414062,1.8642228841781616
21.73714030967747,11,140.0,2.44160795211792
21.73714030967747,12,153.33334350585938,2.8580679893493652
22.748449946707854,1,6.666666030884028,2.5164237022399902
22.748449946707854,2,19.999997615815165,2.395555257797241
22.748449946707854,3,33.33333110809408,2.173783302307129
22.748449946707854,4,46.66666412353625,1.8586899042129517
22.748449946707854,5,59.999994277955196,1.501773476600647
22.748449946707854,6,73.33332443237741,1.1891969442367554
22.748449946707854,7,86.66666030884225,1.0845011472702026
22.748449946707854,8,99.99999618530492,1.1684644222259521
22.748449946707854,9,113.33331680298724,1.4698028564453125
22.748449946707854,10,126.66665649414062,1.9955554008483887
22.748449946707854,11,140.0,2.5259647369384766
22.748449946707854,12,153.33334350585938,2.8787548542022705
23.913292114035166,1,6.666666030884028,2.538142204284668
23.913292114035166,2,19.999997615815165,2.4452335834503174
23.913292114035166,3,33.33333110809408,2.257763385772705
23.913292114035166,4,46.66666412353625,1.9831533432006836
23.913292114035166,5,59.999994277955196,1.659627079963684
23.913292114035166,6,73.33332443237741,1.3634068965911865
23.913292114035166,7,86.66666030884225,1.2581253051757812
23.913292114035166,8,99.99999618530492,1.3412939310073853
23.913292114035166,9,113.33331680298724,1.6401666402816772
23.913292114035166,10,126.66665649414062,2.14113450050354
23.913292114035166,11,140.0,2.6140291690826416
23.913292114035166,12,153.33334350585938,2.897275686264038
25.06280826972121,1,6.666666030884028,2.553405523300171
25.06280826972121,2,19.999997615815165,2.4876420497894287
25.06280826972121,3,33.33333110809408,2.3339202404022217
25.06280826972121,4,46.66666412353625,2.101045608520508
25.06280826972121,5,59.999994277955196,1.8158642053604126
25.06280826972121,6,73.33332443237741,1.542364478111267
25.06280826972121,7,86.66666030884225,1.4414067268371582
25.06280826972121,8,99.99999618530492,1.521938681602478
25.06280826972121,9,113.33331680298724,1.8109745979309082
25.06280826972121,10,126.66665649414062,2.2791025638580322
25.06280826972121,11,140.0,2.6920621395111084
25.06280826972121,12,153.33334350585938,2.9117817878723145
26.20052951160878,1,6.666666030884028,2.562819004058838
26.20052951160878,2,19.999997615815165,2.5233490467071533
26.20052951160878,3,33.33333110809408,2.403810739517212
26.20052951160878,4,46.66666412353625,2.2128050327301025
26.20052951160878,5,59.999994277955196,1.9691964387893677
26.20052951160878,6,73.33332443237741,1.725157618522644
26.20052951160878,7,86.66666030884225,1.6322726011276245
26.20052951160878,8,99.99999618530492,1.709057331085205
26.20052951160878,9,113.33331680298724,1.9820518493652344
26.20052951160878,10,126.66665649414062,2.409756660461426
26.20052951160878,11,140.0,2.762218713760376
26.20052951160878,12,153.33334350585938,2.923579692840576
27.330311764991066,1,6.666666030884028,2.5669546127319336
27.330311764991066,2,19.999997615815165,2.5541305541992188
27.330311764991066,3,33.33333110809408,2.4679923057556152
27.330311764991066,4,46.66666412353625,2.3187689781188965
27.330311764991066,5,59.999994277955196,2.119079113006592
27.330311764991066,6,73.33332443237741,1.9100502729415894
27.330311764991066,7,86.66666030884225,1.8297433853149414
27.330311764991066,8,99.99999618530492,1.9015898704528809
27.330311764991066,9,113.33331680298724,2.152885913848877
27.330311764991066,10,126.66665649414062,2.53486967086792
27.330311764991066,11,140.0,2.826166868209839
27.330311764991066,12,153.33334350585938,2.933995008468628
28.45656866877959,1,6.666666030884028,2.56634259223938
28.45656866877959,2,19.999997615815165,2.580446243286133
28.45656866877959,3,33.33333110809408,2.5267183780670166
28.45656866877959,4,46.66666412353625,2.419283628463745
28.45656866877959,5,59.999994277955196,2.2658157348632812
28.45656866877959,6,73.33332443237741,2.0960114002227783
28.45656866877959,7,86.66666030884225,2.0316667556762695
28.45656866877959,8,99.99999618530492,2.098771572113037
28.45656866877959,9,113.33331680298724,2.3237483501434326
28.45656866877959,10,126.66665649414062,2.6548140048980713
28.45656866877959,11,140.0,2.885322332382202
28.45656866877959,12,153.33334350585938,2.9443488121032715
29.581550657919372,1,6.666666030884028,2.5614798069000244
29.581550657919372,2,19.999997615815165,2.6027636528015137
29.581550657919372,3,33.33333110809408,2.5816879272460938
29.581550657919372,4,46.66666412353625,2.5154635906219482
29.581550657919372,5,59.999994277955196,2.409200668334961
29.581550657919372,6,73.33332443237741,2.2818984985351562
29.581550657919372,7,86.66666030884225,2.2368690967559814
29.581550657919372,8,99.99999618530492,2.299039363861084
29.581550657919372,9,113.33331680298724,2.4946131706237793
29.581550657919372,10,126.66665649414062,2.7710864543914795
29.581550657919372,11,140.0,2.941009998321533
29.581550657919372,12,153.33334350585938,2.9553029537200928
30.70636150471349,1,6.666666030884028,2.5528550148010254
30.70636150471349,2,19.999997615815165,2.6213650703430176
30.70636150471349,3,33.33333110809408,2.6324336528778076
30.70636150471349,4,46.66666412353625,2.607232093811035
30.70636150471349,5,59.999994277955196,2.5478639602661133
30.70636150471349,6,73.33332443237741,2.4656591415405273
30.70636150471349,7,86.66666030884225,2.4430043697357178
30.70636150471349,8,99.99999618530492,2.5010128021240234
30.70636150471349,9,113.33331680298724,2.6642940044403076
30.70636150471349,10,126.66665649414062,2.8844447135925293
30.70636150471349,11,140.0,2.994715452194214
30.70636150471349,12,153.33334350585938,2.967198371887207
31.829737567171836,1,6.666666030884028,2.540970802307129
31.829737567171836,2,19.999997615815165,2.636796236038208
31.829737567171836,3,33.33333110809408,2.6797475814819336
31.829737567171836,4,46.66666412353625,2.6947546005249023
31.829737567171836,5,59.999994277955196,2.6817216873168945
31.829737567171836,6,73.33332443237741,2.645616054534912
31.829737567171836,7,86.66666030884225,2.6476078033447266
31.829737567171836,8,99.99999618530492,2.7021946907043457
31.829737567171836,9,113.33331680298724,2.832303285598755
31.829737567171836,10,126.66665649414062,2.994952917098999
31.829737567171836,11,140.0,3.0476346015930176
31.829737567171836,12,153.33334350585938,2.9816486835479736
32.952220200426325,1,6.666666030884028,2.5262954235076904
32.952220200426325,2,19.999997615815165,2.648744583129883
32.952220200426325,3,33.33333110809408,2.7246928215026855
32.952220200426325,4,46.66666412353625,2.777768611907959
32.952220200426325,5,59.999994277955196,2.810462474822998
32.952220200426325,6,73.33332443237741,2.8205642700195312
32.952220200426325,7,86.66666030884225,2.848590135574341
32.952220200426325,8,99.99999618530492,2.9006893634796143
32.952220200426325,9,113.33331680298724,2.997868537902832
32.952220200426325,10,126.66665649414062,3.103734016418457
32.952220200426325,11,140.0,3.1003286838531494
32.952220200426325,12,153.33334350585938,2.999345064163208
34.07417761511849,1,6.666666030884028,2.5092501640319824
34.07417761511849,2,19.999997615815165,2.658761501312256
34.07417761511849,3,33.33333110809408,2.7657339572906494
34.07417761511849,4,46.66666412353625,2.8574306964874268
34.07417761511849,5,59.999994277955196,2.933812379837036
34.07417761511849,6,73.33332443237741,2.98932147026062
34.07417761511849,7,86.66666030884225,3.043560028076172
34.07417761511849,8,99.99999618530492,3.0950448513031006
34.07417761511849,9,113.33331680298724,3.1604692935943604
34.07417761511849,10,126.66665649414062,3.2107229232788086
34.07417761511849,11,140.0,3.154005527496338
34.07417761511849,12,153.33334350585938,3.020705223083496
35.19568284861571,1,6.666666030884028,2.490192174911499
35.19568284861571,2,19.999997615815165,2.6670143604278564
35.19568284861571,3,33.33333110809408,2.8051321506500244
35.19568284861571,4,46.66666412353625,2.9338481426239014
35.19568284861571,5,59.999994277955196,3.052011251449585
35.19568284861571,6,73.33332443237741,3.1509947776794434
35.19568284861571,7,86.66666030884225,3.2312538623809814
35.19568284861571,8,99.99999618530492,3.2833943367004395
35.19568284861571,9,113.33331680298724,3.31919527053833
35.19568284861571,10,126.66665649414062,3.3163678646087646
35.19568284861571,11,140.0,3.2097127437591553
35.19568284861571,12,153.33334350585938,3.046405076980591
36.3168361234114,1,6.666666030884028,2.469391107559204
36.3168361234114,2,19.999997615815165,2.6721127033233643
36.3168361234114,3,33.33333110809408,2.841456413269043
36.3168361234114,4,46.66666412353625,3.0064969062805176
36.3168361234114,5,59.999994277955196,3.1643941402435303
36.3168361234114,6,73.33332443237741,3.304492473602295
36.3168361234114,7,86.66666030884225,3.4109718799591064
36.3168361234114,8,99.99999618530492,3.4648728370666504
36.3168361234114,9,113.33331680298724,3.47281813621521
36.3168361234114,10,126.66665649414062,3.4205613136291504
36.3168361234114,11,140.0,3.2675068378448486
36.3168361234114,12,153.33334350585938,3.076763391494751
37.43777518279583,1,6.666666030884028,2.447007656097412
37.43777518279583,2,19.999997615815165,2.675924777984619
37.43777518279583,3,33.33333110809408,2.8758463859558105
37.43777518279583,4,46.66666412353625,3.075592279434204
37.43777518279583,5,59.999994277955196,3.271376132965088
37.43777518279583,6,73.33332443237741,3.449315071105957
37.43777518279583,7,86.66666030884225,3.5804221630096436
37.43777518279583,8,99.99999618530492,3.6380159854888916
37.43777518279583,9,113.33331680298724,3.6210083961486816
37.43777518279583,10,126.66665649414062,3.523463010787964
37.43777518279583,11,140.0,3.3281643390655518
37.43777518279583,12,153.33334350585938,3.112114906311035
38.55856181115172,1,6.666666030884028,2.423079252243042
38.55856181115172,2,19.999997615815165,2.6787171363830566
38.55856181115172,3,33.33333110809408,2.908310890197754
38.55856181115172,4,46.66666412353625,3.1420252323150635
38.55856181115172,5,59.999994277955196,3.372689723968506
38.55856181115172,6,73.33332443237741,3.5849413871765137
38.55856181115172,7,86.66666030884225,3.739368438720703
38.55856181115172,8,99.99999618530492,3.801284074783325
38.55856181115172,9,113.33331680298724,3.762859582901001
38.55856181115172,10,126.66665649414062,3.625105619430542
38.55856181115172,11,140.0,3.3915014266967773
38.55856181115172,12,153.33334350585938,3.153164863586426
39.678441414305645,1,6.666666030884028,2.397526979446411
39.678441414305645,2,19.999997615815165,2.679565906524658
39.678441414305645,3,33.33333110809408,2.937954902648926
39.678441414305645,4,46.66666412353625,3.2041072845458984
39.678441414305645,5,59.999994277955196,3.467982769012451
39.678441414305645,6,73.33332443237741,3.711456298828125
39.678441414305645,7,86.66666030884225,3.887021780014038
39.678441414305645,8,99.99999618530492,3.9533679485321045
39.678441414305645,9,113.33331680298724,3.897617816925049
39.678441414305645,10,126.66665649414062,3.7246768474578857
39.678441414305645,11,140.0,3.4583940505981445
39.678441414305645,12,153.33334350585938,3.199784994125366
40.79456444616815,1,6.666666030884028,2.3701887130737305
40.79456444616815,2,19.999997615815165,2.679346799850464
40.79456444616815,3,33.33333110809408,2.96557354927063
40.79456444616815,4,46.66666412353625,3.2626442909240723
40.79456444616815,5,59.999994277955196,3.557046890258789
40.79456444616815,6,73.33332443237741,3.8275539875030518
40.79456444616815,7,86.66666030884225,4.022449016571045
40.79456444616815,8,99.99999618530492,4.093480110168457
40.79456444616815,9,113.33331680298724,4.0237836837768555
40.79456444616815,10,126.66665649414062,3.8218777179718018
40.79456444616815,11,140.0,3.5279793739318848
40.79456444616815,12,153.33334350585938,3.252066135406494
41.906656968683265,1,6.666666030884028,2.340717077255249
41.906656968683265,2,19.999997615815165,2.677298069000244
41.906656968683265,3,33.33333110809408,2.9915878772735596
41.906656968683265,4,46.66666412353625,3.3168060779571533
41.906656968683265,5,59.999994277955196,3.639739990234375
41.906656968683265,6,73.33332443237741,3.933638334274292
41.906656968683265,7,86.66666030884225,4.145092964172363
41.906656968683265,8,99.99999618530492,4.221465110778809
41.906656968683265,9,113.33331680298724,4.1412482261657715
41.906656968683265,10,126.66665649414062,3.916066884994507
41.906656968683265,11,140.0,3.6003925800323486
41.906656968683265,12,153.33334350585938,3.3098537921905518
43.01408176081391,1,6.666666030884028,2.3086564540863037
43.01408176081391,2,19.999997615815165,2.6736011505126953
43.01408176081391,3,33.33333110809408,3.0142030715942383
43.01408176081391,4,46.66666412353625,3.3678512573242188
43.01408176081391,5,59.999994277955196,3.7154393196105957
43.01408176081391,6,73.33332443237741,4.030230522155762
43.01408176081391,7,86.66666030884225,4.25560998916626
43.01408176081391,8,99.99999618530492,4.336770057678223
43.01408176081391,9,113.33331680298724,4.249299049377441
43.01408176081391,10,126.66665649414062,4.006679534912109
43.01408176081391,11,140.0,3.6746294498443604
43.01408176081391,12,153.33334350585938,3.3729331493377686
44.11901342966667,1,6.666666030884028,2.2733659744262695
44.11901342966667,2,19.999997615815165,2.6679317951202393
44.11901342966667,3,33.33333110809408,3.034972906112671
44.11901342966667,4,46.66666412353625,3.414696216583252
44.11901342966667,5,59.999994277955196,3.7848944664001465
44.11901342966667,6,73.33332443237741,4.117033004760742
44.11901342966667,7,86.66666030884225,4.353687763214111
44.11901342966667,8,99.99999618530492,4.440116882324219
44.11901342966667,9,113.33331680298724,4.348059177398682
44.11901342966667,10,126.66665649414062,4.0936784744262695
44.11901342966667,11,140.0,3.7506237030029297
44.11901342966667,12,153.33334350585938,3.4412171840667725
45.22351529939702,1,6.666666030884028,2.234102249145508
45.22351529939702,2,19.999997615815165,2.6592278480529785
45.22351529939702,3,33.33333110809408,3.0536105632781982
45.22351529939702,4,46.66666412353625,3.457376480102539
45.22351529939702,5,59.999994277955196,3.8473145961761475
45.22351529939702,6,73.33332443237741,4.194099426269531
45.22351529939702,7,86.66666030884225,4.440296173095703
45.22351529939702,8,99.99999618530492,4.530820369720459
45.22351529939702,9,113.33331680298724,4.437294006347656
45.22351529939702,10,126.66665649414062,4.176375865936279
45.22351529939702,11,140.0,3.8281877040863037
45.22351529939702,12,153.33334350585938,3.514577865600586
46.328985649418435,1,6.666666030884028,2.1900646686553955
46.328985649418435,2,19.999997615815165,2.647463798522949
46.328985649418435,3,33.33333110809408,3.0685458183288574
46.328985649418435,4,46.66666412353625,3.4958698749542236
46.328985649418435,5,59.999994277955196,3.903226852416992
46.328985649418435,6,73.33332443237741,4.26189661026001
46.328985649418435,7,86.66666030884225,4.515294551849365
46.328985649418435,8,99.99999618530492,4.610246658325195
46.328985649418435,9,113.33331680298724,4.517184734344482
46.328985649418435,10,126.66665649414062,4.254877090454102
46.328985649418435,11,140.0,3.9066479206085205
46.328985649418435,12,153.33334350585938,3.5924172401428223
47.43551270131759,1,6.666666030884028,2.140465259552002
47.43551270131759,2,19.999997615815165,2.6319777965545654
47.43551270131759,3,33.33333110809408,3.0801517963409424
47.43551270131759,4,46.66666412353625,3.5298707485198975
47.43551270131759,5,59.999994277955196,3.952850341796875
47.43551270131759,6,73.33332443237741,4.320523738861084
47.43551270131759,7,86.66666030884225,4.579875946044922
47.43551270131759,8,99.99999618530492,4.677731990814209
47.43551270131759,9,113.33331680298724,4.58745813369751
47.43551270131759,10,126.66665649414062,4.328514099121094
47.43551270131759,11,140.0,3.9854981899261475
47.43551270131759,12,153.33334350585938,3.6743807792663574
48.54276142922934,1,6.666666030884028,2.084550619125366
48.54276142922934,2,19.999997615815165,2.611759662628174
48.54276142922934,3,33.33333110809408,3.088012456893921
48.54276142922934,4,46.66666412353625,3.558500051498413
48.54276142922934,5,59.999994277955196,3.995802640914917
48.54276142922934,6,73.33332443237741,4.370628356933594
48.54276142922934,7,86.66666030884225,4.633818626403809
48.54276142922934,8,99.99999618530492,4.734367847442627
48.54276142922934,9,113.33331680298724,4.6482157707214355
48.54276142922934,10,126.66665649414062,4.397021770477295
48.54276142922934,11,140.0,4.064000129699707
48.54276142922934,12,153.33334350585938,3.7598319053649902
49.64989893503405,1,6.666666030884028,2.0216634273529053
49.64989893503405,2,19.999997615815165,2.586089611053467
49.64989893503405,3,33.33333110809408,3.0909602642059326
49.64989893503405,4,46.66666412353625,3.5819666385650635
49.64989893503405,5,59.999994277955196,4.031159400939941
49.64989893503405,6,73.33332443237741,4.412167072296143
49.64989893503405,7,86.66666030884225,4.677462577819824
49.64989893503405,8,99.99999618530492,4.780240058898926
49.64989893503405,9,113.33331680298724,4.699353218078613
49.64989893503405,10,126.66665649414062,4.459625244140625
49.64989893503405,11,140.0,4.141254901885986
49.64989893503405,12,153.33334350585938,3.8481218814849854
50.75629863446302,1,6.666666030884028,1.951257586479187
50.75629863446302,2,19.999997615815165,2.5545449256896973
50.75629863446302,3,33.33333110809408,3.0890121459960938
50.75629863446302,4,46.66666412353625,3.599867105484009
50.75629863446302,5,59.999994277955196,4.059674263000488
50.75629863446302,6,73.33332443237741,4.444764614105225
50.75629863446302,7,86.66666030884225,4.710954666137695
50.75629863446302,8,99.99999618530492,4.816020965576172
50.75629863446302,9,113.33331680298724,4.742051124572754
50.75629863446302,10,126.66665649414062,4.5163984298706055
50.75629863446302,11,140.0,4.216615200042725
50.75629863446302,12,153.33334350585938,3.938265085220337
51.86172535683429,1,6.666666030884028,1.872922658920288
51.86172535683429,2,19.999997615815165,2.516131639480591
51.86172535683429,3,33.33333110809408,3.081176519393921
51.86172535683429,4,46.66666412353625,3.6117238998413086
51.86172535683429,5,59.999994277955196,4.081493377685547
51.86172535683429,6,73.33332443237741,4.469244003295898
51.86172535683429,7,86.66666030884225,4.735167026519775
51.86172535683429,8,99.99999618530492,4.84238338470459
51.86172535683429,9,113.33331680298724,4.776863098144531
51.86172535683429,10,126.66665649414062,4.567562580108643
51.86172535683429,11,140.0,4.289909362792969
51.86172535683429,12,153.33334350585938,4.029265403747559
52.96693391843265,1,6.666666030884028,1.7863564491271973
52.96693391843265,2,19.999997615815165,2.470432996749878
52.96693391843265,3,33.33333110809408,3.067056894302368
52.96693391843265,4,46.66666412353625,3.617236852645874
52.96693391843265,5,59.999994277955196,4.0957441329956055
52.96693391843265,6,73.33332443237741,4.4856085777282715
52.96693391843265,7,86.66666030884225,4.7503814697265625
52.96693391843265,8,99.99999618530492,4.859131813049316
52.96693391843265,9,113.33331680298724,4.80326509475708
52.96693391843265,10,126.66665649414062,4.612972736358643
52.96693391843265,11,140.0,4.360238075256348
52.96693391843265,12,153.33334350585938,4.120944023132324
54.07234732952497,1,6.666666030884028,1.6914753913879395
54.07234732952497,2,19.999997615815165,2.4171714782714844
54.07234732952497,3,33.33333110809408,3.045788526535034
54.07234732952497,4,46.66666412353625,3.615190029144287
54.07234732952497,5,59.999994277955196,4.102412700653076
54.07234732952497,6,73.33332443237741,4.49385929107666
54.07234732952497,7,86.66666030884225,4.757725238800049
54.07234732952497,8,99.99999618530492,4.86818790435791
54.07234732952497,9,113.33331680298724,4.8223347663879395
54.07234732952497,10,126.66665649414062,4.653065204620361
54.07234732952497,11,140.0,4.427615165710449
54.07234732952497,12,153.33334350585938,4.21234655380249
55.177777338255204,1,6.666666030884028,1.5884748697280884
55.177777338255204,2,19.999997615815165,2.35575532913208
55.177777338255204,3,33.33333110809408,3.0171167850494385
55.177777338255204,4,46.66666412353625,3.60612416267395
55.177777338255204,5,59.999994277955196,4.1016082763671875
55.177777338255204,6,73.33332443237741,4.494314670562744
55.177777338255204,7,86.66666030884225,4.756515979766846
55.177777338255204,8,99.99999618530492,4.869777679443359
55.177777338255204,9,113.33331680298724,4.834874629974365
55.177777338255204,10,126.66665649414062,4.687804222106934
55.177777338255204,11,140.0,4.491292953491211
55.177777338255204,12,153.33334350585938,4.302826881408691
56.28310481979453,1,6.666666030884028,1.4777928590774536
56.28310481979453,2,19.999997615815165,2.2854676246643066
56.28310481979453,3,33.33333110809408,2.980154275894165
56.28310481979453,4,46.66666412353625,3.588653802871704
56.28310481979453,5,59.999994277955196,4.092534065246582
56.28310481979453,6,73.33332443237741,4.486763000488281
56.28310481979453,7,86.66666030884225,4.748027324676514
56.28310481979453,8,99.99999618530492,4.863918781280518
56.28310481979453,9,113.33331680298724,4.841010093688965
56.28310481979453,10,126.66665649414062,4.717360973358154
56.28310481979453,11,140.0,4.551273345947266
56.28310481979453,12,153.33334350585938,4.391242980957031
57.38818847195607,1,6.666666030884028,1.360117793083191
57.38818847195607,2,19.999997615815165,2.2077672481536865
57.38818847195607,3,33.33333110809408,2.9343667030334473
57.38818847195607,4,46.66666412353625,3.5627636909484863
57.38818847195607,5,59.999994277955196,4.076229572296143
57.38818847195607,6,73.33332443237741,4.471786975860596
57.38818847195607,7,86.66666030884225,4.732046127319336
57.38818847195607,8,99.99999618530492,4.85125732421875
57.38818847195607,9,113.33331680298724,4.841067790985107
57.38818847195607,10,126.66665649414062,4.741873264312744
57.38818847195607,11,140.0,4.606895923614502
57.38818847195607,12,153.33334350585938,4.477072238922119
58.49295622612131,1,6.666666030884028,1.2363686561584473
58.49295622612131,2,19.999997615815165,2.121591806411743
58.49295622612131,3,33.33333110809408,2.8803491592407227
58.49295622612131,4,46.66666412353625,3.528534412384033
58.49295622612131,5,59.999994277955196,4.051156044006348
58.49295622612131,6,73.33332443237741,4.4493303298950195
58.49295622612131,7,86.66666030884225,4.709604740142822
58.49295622612131,8,99.99999618530492,4.832233905792236
58.49295622612131,9,113.33331680298724,4.835826873779297
58.49295622612131,10,126.66665649414062,4.762088775634766
58.49295622612131,11,140.0,4.658849716186523
58.49295622612131,12,153.33334350585938,4.55983829498291
59.59733490784822,1,6.666666030884028,1.1076796054840088
59.59733490784822,2,19.999997615815165,2.027451515197754
59.59733490784822,3,33.33333110809408,2.817293405532837
59.59733490784822,4,46.66666412353625,3.485398530960083
59.59733490784822,5,59.999994277955196,4.017894268035889
59.59733490784822,6,73.33332443237741,4.419018268585205
59.59733490784822,7,86.66666030884225,4.6801347732543945
59.59733490784822,8,99.99999618530492,4.807670593261719
59.59733490784822,9,113.33331680298724,4.826092720031738
59.59733490784822,10,126.66665649414062,4.777947425842285
59.59733490784822,11,140.0,4.706561088562012
59.59733490784822,12,153.33334350585938,4.639156341552734
60.70106794977783,1,6.666666030884028,0.9753919839859009
60.70106794977783,2,19.999997615815165,1.9264031648635864
60.70106794977783,3,33.33333110809408,2.7462406158447266
60.70106794977783,4,46.66666412353625,3.4334146976470947
60.70106794977783,5,59.999994277955196,3.97615122795105
60.70106794977783,6,73.33332443237741,4.381587028503418
60.70106794977783,7,86.66666030884225,4.644290924072266
60.70106794977783,8,99.99999618530492,4.778138637542725
60.70106794977783,9,113.33331680298724,4.811819076538086
60.70106794977783,10,126.66665649414062,4.790322780609131
60.70106794977783,11,140.0,4.749769687652588
60.70106794977783,12,153.33334350585938,4.7144293785095215
61.80400138520705,1,6.666666030884028,0.8409823179244995
61.80400138520705,2,19.999997615815165,1.819006085395813
61.80400138520705,3,33.33333110809408,2.6661062240600586
61.80400138520705,4,46.66666412353625,3.3726301193237305
61.80400138520705,5,59.999994277955196,3.9258673191070557
61.80400138520705,6,73.33332443237741,4.3362860679626465
61.80400138520705,7,86.66666030884225,4.602542400360107
61.80400138520705,8,99.99999618530492,4.743370532989502
61.80400138520705,9,113.33331680298724,4.79366397857666
61.80400138520705,10,126.66665649414062,4.7978973388671875
61.80400138520705,11,140.0,4.789368152618408
61.80400138520705,12,153.33334350585938,4.784830093383789
62.90577436992822,1,6.666666030884028,0.7060533165931702
62.90577436992822,2,19.999997615815165,1.7062636613845825
62.90577436992822,3,33.33333110809408,2.578139305114746
62.90577436992822,4,46.66666412353625,3.3026626110076904
62.90577436992822,5,59.999994277955196,3.8671724796295166
62.90577436992822,6,73.33332443237741,4.28318977355957
62.90577436992822,7,86.66666030884225,4.554363250732422
62.90577436992822,8,99.99999618530492,4.704442977905273
62.90577436992822,9,113.33331680298724,4.772332668304443
62.90577436992822,10,126.66665649414062,4.801669120788574
62.90577436992822,11,140.0,4.824467182159424
62.90577436992822,12,153.33334350585938,4.850578784942627
64.00645713564721,1,6.666666030884028,0.5722070336341858
64.00645713564721,2,19.999997615815165,1.5887718200683594
64.00645713564721,3,33.33333110809408,2.482755422592163
64.00645713564721,4,46.66666412353625,3.22458815574646
64.00645713564721,5,59.999994277955196,3.8007023334503174
64.00645713564721,6,73.33332443237741,4.223454475402832
64.00645713564721,7,86.66666030884225,4.500847816467285
64.00645713564721,8,99.99999618530492,4.661414623260498
64.00645713564721,9,113.33331680298724,4.747264862060547
64.00645713564721,10,126.66665649414062,4.802666664123535
64.00645713564721,11,140.0,4.855617523193359
64.00645713564721,12,153.33334350585938,4.91100549697876
65.10612854650233,1,6.666666030884028,0.441048800945282
65.10612854650233,2,19.999997615815165,1.4680078029632568
65.10612854650233,3,33.33333110809408,2.3801727294921875
65.10612854650233,4,46.66666412353625,3.1380646228790283
65.10612854650233,5,59.999994277955196,3.7255756855010986
65.10612854650233,6,73.33332443237741,4.156215667724609
65.10612854650233,7,86.66666030884225,4.441557884216309
65.10612854650233,8,99.99999618530492,4.61456823348999
65.10612854650233,9,113.33331680298724,4.719499111175537
65.10612854650233,10,126.66665649414062,4.800384521484375
65.10612854650233,11,140.0,4.882607460021973
65.10612854650233,12,153.33334350585938,4.965921401977539
66.20460935750447,1,6.666666030884028,0.3141734302043915
66.20460935750447,2,19.999997615815165,1.345651626586914
66.20460935750447,3,33.33333110809408,2.2718348503112793
66.20460935750447,4,46.66666412353625,3.0436787605285645
66.20460935750447,5,59.999994277955196,3.642815589904785
66.20460935750447,6,73.33332443237741,4.0822248458862305
66.20460935750447,7,86.66666030884225,4.376955509185791
66.20460935750447,8,99.99999618530492,4.563930511474609
66.20460935750447,9,113.33331680298724,4.688743591308594
66.20460935750447,10,126.66665649414062,4.7951788902282715
66.20460935750447,11,140.0,4.904989242553711
66.20460935750447,12,153.33334350585938,5.014946460723877
67.30156102648871,1,6.666666030884028,0.19310693442821503
67.30156102648871,2,19.999997615815165,1.221895694732666
67.30156102648871,3,33.33333110809408,2.1586191654205322
67.30156102648871,4,46.66666412353625,2.942101001739502
67.30156102648871,5,59.999994277955196,3.55283784866333
67.30156102648871,6,73.33332443237741,4.001925945281982
67.30156102648871,7,86.66666030884225,4.307374000549316
67.30156102648871,8,99.99999618530492,4.509570598602295
67.30156102648871,9,113.33331680298724,4.65581750869751
67.30156102648871,10,126.66665649414062,4.787312030792236
67.30156102648871,11,140.0,4.923305511474609
67.30156102648871,12,153.33334350585938,5.0586018562316895
68.39600251066763,1,6.666666030884028,0.07931116968393326
68.39600251066763,2,19.999997615815165,1.0988245010375977
68.39600251066763,3,33.33333110809408,2.0411579608917236
68.39600251066763,4,46.66666412353625,2.834122657775879
68.39600251066763,5,59.999994277955196,3.455397129058838
68.39600251066763,6,73.33332443237741,3.9152841567993164
68.39600251066763,7,86.66666030884225,4.233180522918701
68.39600251066763,8,99.99999618530492,4.45207405090332
68.39600251066763,9,113.33331680298724,4.620407581329346
68.39600251066763,10,126.66665649414062,4.7772603034973145
68.39600251066763,11,140.0,4.937762260437012
68.39600251066763,12,153.33334350585938,5.0962724685668945
69.48723313209175,1,6.666666030884028,-0.02595973014831543
69.48723313209175,2,19.999997615815165,0.9779115319252014
69.48723313209175,3,33.33333110809408,1.920326590538025
69.48723313209175,4,46.66666412353625,2.7204270362854004
69.48723313209175,5,59.999994277955196,3.351344108581543
69.48723313209175,6,73.33332443237741,3.8228399753570557
69.48723313209175,7,86.66666030884225,4.154666900634766
69.48723313209175,8,99.99999618530492,4.39171028137207
69.48723313209175,9,113.33331680298724,4.582671165466309
69.48723313209175,10,126.66665649414062,4.763854503631592
69.48723313209175,11,140.0,4.947973251342773
69.48723313209175,12,153.33334350585938,5.127602577209473
70.57518188615522,1,6.666666030884028,-0.12170589715242386
70.57518188615522,2,19.999997615815165,0.8599653244018555
70.57518188615522,3,33.33333110809408,1.7984201908111572
70.57518188615522,4,46.66666412353625,2.6021158695220947
70.57518188615522,5,59.999994277955196,3.241931438446045
70.57518188615522,6,73.33332443237741,3.724759578704834
70.57518188615522,7,86.66666030884225,4.071996212005615
70.57518188615522,8,99.99999618530492,4.32824182510376
70.57518188615522,9,113.33331680298724,4.542215824127197
70.57518188615522,10,126.66665649414062,4.747807025909424
70.57518188615522,11,140.0,4.954774856567383
70.57518188615522,12,153.33334350585938,5.153407096862793
71.65975198366338,1,6.666666030884028,-0.20711968839168549
71.65975198366338,2,19.999997615815165,0.7458793520927429
71.65975198366338,3,33.33333110809408,1.6754766702651978
71.65975198366338,4,46.66666412353625,2.4800662994384766
71.65975198366338,5,59.999994277955196,3.127275228500366
71.65975198366338,6,73.33332443237741,3.6216938495635986
71.65975198366338,7,86.66666030884225,3.985321044921875
71.65975198366338,8,99.99999618530492,4.262245178222656
71.65975198366338,9,113.33331680298724,4.499443531036377
71.65975198366338,10,126.66665649414062,4.728851318359375
71.65975198366338,11,140.0,4.95707893371582
71.65975198366338,12,153.33334350585938,5.173182487487793
72.74081878533873,1,6.666666030884028,-0.28159016370773315
72.74081878533873,2,19.999997615815165,0.6374091506004333
72.74081878533873,3,33.33333110809408,1.5524897575378418
72.74081878533873,4,46.66666412353625,2.3548505306243896
72.74081878533873,5,59.999994277955196,3.0083425045013428
72.74081878533873,6,73.33332443237741,3.5142481327056885
72.74081878533873,7,86.66666030884225,3.8949248790740967
72.74081878533873,8,99.99999618530492,4.193383693695068
72.74081878533873,9,113.33331680298724,4.454216003417969
72.74081878533873,10,126.66665649414062,4.707052707672119
72.74081878533873,11,140.0,4.955469131469727
72.74081878533873,12,153.33334350585938,5.187412738800049
73.81817494400109,1,6.666666030884028,-0.34469807147979736
73.81817494400109,2,19.999997615815165,0.5350952744483948
73.81817494400109,3,33.33333110809408,1.4308040142059326
73.81817494400109,4,46.66666412353625,2.22831130027771
73.81817494400109,5,59.999994277955196,2.8858389854431152
73.81817494400109,6,73.33332443237741,3.40348482131958
73.81817494400109,7,86.66666030884225,3.801020622253418
73.81817494400109,8,99.99999618530492,4.121861934661865
73.81817494400109,9,113.33331680298724,4.407209873199463
73.81817494400109,10,126.66665649414062,4.682674884796143
73.81817494400109,11,140.0,4.949875831604004
73.81817494400109,12,153.33334350585938,5.195923805236816
74.89173572103202,1,6.666666030884028,-0.3962193727493286
74.89173572103202,2,19.999997615815165,0.43923863768577576
74.89173572103202,3,33.33333110809408,1.3113696575164795
74.89173572103202,4,46.66666412353625,2.1002867221832275
74.89173572103202,5,59.999994277955196,2.760549783706665
74.89173572103202,6,73.33332443237741,3.2893190383911133
74.89173572103202,7,86.66666030884225,3.7047119140625
74.89173572103202,8,99.99999618530492,4.047952651977539
74.89173572103202,9,113.33331680298724,4.357882976531982
74.89173572103202,10,126.66665649414062,4.655320167541504
74.89173572103202,11,140.0,4.940483570098877
74.89173572103202,12,153.33334350585938,5.199032306671143
75.9615345822873,1,6.666666030884028,-0.4361041784286499
75.9615345822873,2,19.999997615815165,0.350014865398407
75.9615345822873,3,33.33333110809408,1.1948609352111816
75.9615345822873,4,46.66666412353625,1.9722901582717896
75.9615345822873,5,59.999994277955196,2.633531093597412
75.9615345822873,6,73.33332443237741,3.1725172996520996
75.9615345822873,7,86.66666030884225,3.6060233116149902
75.9615345822873,8,99.99999618530492,3.9721670150756836
75.9615345822873,9,113.33331680298724,4.305866718292236
75.9615345822873,10,126.66665649414062,4.624843120574951
75.9615345822873,11,140.0,4.927037715911865
75.9615345822873,12,153.33334350585938,5.196139812469482
77.02753419235523,1,6.666666030884028,-0.4644485414028168
77.02753419235523,2,19.999997615815165,0.2686741054058075
77.02753419235523,3,33.33333110809408,1.0820367336273193
77.02753419235523,4,46.66666412353625,1.8449509143829346
77.02753419235523,5,59.999994277955196,2.505449056625366
77.02753419235523,6,73.33332443237741,3.053971529006958
77.02753419235523,7,86.66666030884225,3.5053842067718506
77.02753419235523,8,99.99999618530492,3.8940365314483643
77.02753419235523,9,113.33331680298724,4.251147747039795
77.02753419235523,10,126.66665649414062,4.591667175292969
77.02753419235523,11,140.0,4.909582138061523
77.02753419235523,12,153.33334350585938,5.188354969024658
78.08971826286114,1,6.666666030884028,-0.48147937655448914
78.08971826286114,2,19.999997615815165,0.19618254899978638
78.08971826286114,3,33.33333110809408,0.973882794380188
78.08971826286114,4,46.66666412353625,1.7192035913467407
78.08971826286114,5,59.999994277955196,2.3770580291748047
78.08971826286114,6,73.33332443237741,2.934178352355957
78.08971826286114,7,86.66666030884225,3.402953863143921
78.08971826286114,8,99.99999618530492,3.814352035522461
78.08971826286114,9,113.33331680298724,4.194715976715088
78.08971826286114,10,126.66665649414062,4.555263042449951
78.08971826286114,11,140.0,4.887806415557861
78.08971826286114,12,153.33334350585938,5.17543888092041
79.14804426537599,1,6.666666030884028,-0.4875326156616211
79.14804426537599,2,19.999997615815165,0.13185372948646545
79.14804426537599,3,33.33333110809408,0.870956301689148
79.14804426537599,4,46.66666412353625,1.5956281423568726
79.14804426537599,5,59.999994277955196,2.249098777770996
79.14804426537599,6,73.33332443237741,2.813915252685547
79.14804426537599,7,86.66666030884225,3.2992947101593018
79.14804426537599,8,99.99999618530492,3.7332026958465576
79.14804426537599,9,113.33331680298724,4.135568141937256
79.14804426537599,10,126.66665649414062,4.515312194824219
79.14804426537599,11,140.0,4.861760139465332
79.14804426537599,12,153.33334350585938,5.157072067260742
80.20257476296938,1,6.666666030884028,-0.4830331802368164
80.20257476296938,2,19.999997615815165,0.07610424607992172
80.20257476296938,3,33.33333110809408,0.7736477255821228
80.20257476296938,4,46.66666412353625,1.4749025106430054
80.20257476296938,5,59.999994277955196,2.1224191188812256
80.20257476296938,6,73.33332443237741,2.693700075149536
80.20257476296938,7,86.66666030884225,3.1952157020568848
80.20257476296938,8,99.99999618530492,3.650468587875366
80.20257476296938,9,113.33331680298724,4.0742011070251465
80.20257476296938,10,126.66665649414062,4.472646236419678
80.20257476296938,11,140.0,4.831506252288818
80.20257476296938,12,153.33334350585938,5.133733749389648
81.25349587441184,1,6.666666030884028,-0.46847009658813477
81.25349587441184,2,19.999997615815165,0.02880907617509365
81.25349587441184,3,33.33333110809408,0.6825694441795349
81.25349587441184,4,46.66666412353625,1.358229160308838
81.25349587441184,5,59.999994277955196,1.9973088502883911
81.25349587441184,6,73.33332443237741,2.5740084648132324
81.25349587441184,7,86.66666030884225,3.090609073638916
81.25349587441184,8,99.99999618530492,3.566347599029541
81.25349587441184,9,113.33331680298724,4.010251045227051
81.25349587441184,10,126.66665649414062,4.426311492919922
81.25349587441184,11,140.0,4.797032833099365
81.25349587441184,12,153.33334350585938,5.105508327484131
82.30114109019806,1,6.666666030884028,-0.4443731904029846
82.30114109019806,2,19.999997615815165,-0.008933165110647678
82.30114109019806,3,33.33333110809408,0.5981139540672302
82.30114109019806,4,46.66666412353625,1.2463743686676025
82.30114109019806,5,59.999994277955196,1.874556303024292
82.30114109019806,6,73.33332443237741,2.4550065994262695
82.30114109019806,7,86.66666030884225,2.9860732555389404
82.30114109019806,8,99.99999618530492,3.4810497760772705
82.30114109019806,9,113.33331680298724,3.945239782333374
82.30114109019806,10,126.66665649414062,4.37666654586792
82.30114109019806,11,140.0,4.758384704589844
82.30114109019806,12,153.33334350585938,5.071985721588135
83.34580857573125,1,6.666666030884028,-0.4112986922264099
83.34580857573125,2,19.999997615815165,-0.03753906115889549
83.34580857573125,3,33.33333110809408,0.5204212665557861
83.34580857573125,4,46.66666412353625,1.1391980648040771
83.34580857573125,5,59.999994277955196,1.7555418014526367
83.34580857573125,6,73.33332443237741,2.3379478454589844
83.34580857573125,7,86.66666030884225,2.881777286529541
83.34580857573125,8,99.99999618530492,3.3948814868927
83.34580857573125,9,113.33331680298724,3.8778254985809326
83.34580857573125,10,126.66665649414062,4.324260234832764
83.34580857573125,11,140.0,4.715966701507568
83.34580857573125,12,153.33334350585938,5.034175872802734
84.38776813770777,1,6.666666030884028,-0.3698188066482544
84.38776813770777,2,19.999997615815165,-0.05687754973769188
84.38776813770777,3,33.33333110809408,0.45054128766059875
84.38776813770777,4,46.66666412353625,1.0373705625534058
84.38776813770777,5,59.999994277955196,1.6400097608566284
84.38776813770777,6,73.33332443237741,2.223522424697876
84.38776813770777,7,86.66666030884225,2.778468370437622
84.38776813770777,8,99.99999618530492,3.308243989944458
84.38776813770777,9,113.33331680298724,3.808340072631836
84.38776813770777,10,126.66665649414062,4.2688889503479
84.38776813770777,11,140.0,4.669344902038574
84.38776813770777,12,153.33334350585938,4.991225242614746
85.42732596670949,1,6.666666030884028,-0.3205099403858185
85.42732596670949,2,19.999997615815165,-0.06793626397848129
85.42732596670949,3,33.33333110809408,0.3881310224533081
85.42732596670949,4,46.66666412353625,0.94153892993927
85.42732596670949,5,59.999994277955196,1.5287585258483887
85.42732596670949,6,73.33332443237741,2.1115474700927734
85.42732596670949,7,86.66666030884225,2.6765682697296143
85.42732596670949,8,99.99999618530492,3.220954179763794
85.42732596670949,9,113.33331680298724,3.7368814945220947
85.42732596670949,10,126.66665649414062,4.210501670837402
85.42732596670949,11,140.0,4.619109630584717
85.42732596670949,12,153.33334350585938,4.94405460357666
86.4647572391426,1,6.666666030884028,-0.263947993516922
86.4647572391426,2,19.999997615815165,-0.07092781364917755
86.4647572391426,3,33.33333110809408,0.33353838324546814
86.4647572391426,4,46.66666412353625,0.8519886136054993
86.4647572391426,5,59.999994277955196,1.4219995737075806
86.4647572391426,6,73.33332443237741,2.0025274753570557
86.4647572391426,7,86.66666030884225,2.575495481491089
86.4647572391426,8,99.99999618530492,3.133898973464966
86.4647572391426,9,113.33331680298724,3.663548707962036
86.4647572391426,10,126.66665649414062,4.148931503295898
86.4647572391426,11,140.0,4.5648698806762695
86.4647572391426,12,153.33334350585938,4.892480850219727
87.50032488599075,1,6.666666030884028,-0.20070277154445648
87.50032488599075,2,19.999997615815165,-0.06520901620388031
87.50032488599075,3,33.33333110809408,0.28680646419525146
87.50032488599075,4,46.66666412353625,0.7690637707710266
87.50032488599075,5,59.999994277955196,1.320497751235962
87.50032488599075,6,73.33332443237741,1.8969720602035522
87.50032488599075,7,86.66666030884225,2.476314067840576
87.50032488599075,8,99.99999618530492,3.046377420425415
87.50032488599075,9,113.33331680298724,3.5884850025177
87.50032488599075,10,126.66665649414062,4.084516525268555
87.50032488599075,11,140.0,4.506948947906494
87.50032488599075,12,153.33334350585938,4.83677864074707
88.5342474063604,1,6.666666030884028,-0.13133689761161804
88.5342474063604,2,19.999997615815165,-0.051380835473537445
88.5342474063604,3,33.33333110809408,0.24830792844295502
88.5342474063604,4,46.66666412353625,0.6930580735206604
88.5342474063604,5,59.999994277955196,1.2245639562606812
88.5342474063604,6,73.33332443237741,1.7951856851577759
88.5342474063604,7,86.66666030884225,2.379162073135376
88.5342474063604,8,99.99999618530492,2.958681106567383
88.5342474063604,9,113.33331680298724,3.51237416267395
88.5342474063604,10,126.66665649414062,4.017378807067871
88.5342474063604,11,140.0,4.445188522338867
88.5342474063604,12,153.33334350585938,4.776568412780762
89.56675026393506,1,6.666666030884028,-0.056400734931230545
89.56675026393506,2,19.999997615815165,-0.0296490415930748
89.56675026393506,3,33.33333110809408,0.21782317757606506
89.56675026393506,4,46.66666412353625,0.6245520114898682
89.56675026393506,5,59.999994277955196,1.1343481540679932
89.56675026393506,6,73.33332443237741,1.6977460384368896
89.56675026393506,7,86.66666030884225,2.2844274044036865
89.56675026393506,8,99.99999618530492,2.8722684383392334
89.56675026393506,9,113.33331680298724,3.4347715377807617
89.56675026393506,10,126.66665649414062,3.947359323501587
89.56675026393506,11,140.0,4.379696369171143
89.56675026393506,12,153.33334350585938,4.7125043869018555
90.59805990548907,1,6.666666030884028,0.023568710312247276
90.59805990548907,2,19.999997615815165,0.00016088978736661375
90.59805990548907,3,33.33333110809408,0.19591650366783142
90.59805990548907,4,46.66666412353625,0.5634466409683228
90.59805990548907,5,59.999994277955196,1.0502619743347168
90.59805990548907,6,73.33332443237741,1.6048568487167358
90.59805990548907,7,86.66666030884225,2.1928210258483887
90.59805990548907,8,99.99999618530492,2.7860031127929688
90.59805990548907,9,113.33331680298724,3.356315851211548
90.59805990548907,10,126.66665649414062,3.8749544620513916
90.59805990548907,11,140.0,4.310953617095947
90.59805990548907,12,153.33334350585938,4.644743919372559
91.62839240336632,1,6.666666030884028,0.10804722458124161
91.62839240336632,2,19.999997615815165,0.03731245920062065
91.62839240336632,3,33.33333110809408,0.1823658049106598
91.62839240336632,4,46.66666412353625,0.5100923180580139
91.62839240336632,5,59.999994277955196,0.9728546142578125
91.62839240336632,6,73.33332443237741,1.5167107582092285
91.62839240336632,7,86.66666030884225,2.1035070419311523
91.62839240336632,8,99.99999618530492,2.7011353969573975
91.62839240336632,9,113.33331680298724,3.276319742202759
91.62839240336632,10,126.66665649414062,3.800490379333496
91.62839240336632,11,140.0,4.238992691040039
91.62839240336632,12,153.33334350585938,4.573065757751465
92.65797000160119,1,6.666666030884028,0.19652438163757324
92.65797000160119,2,19.999997615815165,0.08191946148872375
92.65797000160119,3,33.33333110809408,0.17811378836631775
92.65797000160119,4,46.66666412353625,0.46511784195899963
92.65797000160119,5,59.999994277955196,0.9020918011665344
92.65797000160119,6,73.33332443237741,1.4334989786148071
92.65797000160119,7,86.66666030884225,2.0172717571258545
92.65797000160119,8,99.99999618530492,2.617159366607666
92.65797000160119,9,113.33331680298724,3.1963002681732178
92.65797000160119,10,126.66665649414062,3.7235114574432373
92.65797000160119,11,140.0,4.163904190063477
92.65797000160119,12,153.33334350585938,4.497706413269043
93.68704133758995,1,6.666666030884028,0.2885046899318695
93.68704133758995,2,19.999997615815165,0.13364601135253906
93.68704133758995,3,33.33333110809408,0.18189376592636108
93.68704133758995,4,46.66666412353625,0.4285050630569458
93.68704133758995,5,59.999994277955196,0.8382835984230042
93.68704133758995,6,73.33332443237741,1.3553516864776611
93.68704133758995,7,86.66666030884225,1.9342788457870483
93.68704133758995,8,99.99999618530492,2.5341923236846924
93.68704133758995,9,113.33331680298724,3.1154065132141113
93.68704133758995,10,126.66665649414062,3.6447830200195312
93.68704133758995,11,140.0,4.0858235359191895
93.68704133758995,12,153.33334350585938,4.418740272521973
94.71586071257224,1,6.666666030884028,0.3835049867630005
94.71586071257224,2,19.999997615815165,0.1923435777425766
94.71586071257224,3,33.33333110809408,0.19474060833454132
94.71586071257224,4,46.66666412353625,0.40017130970954895
94.71586071257224,5,59.999994277955196,0.7818925976753235
94.71586071257224,6,73.33332443237741,1.2830795049667358
94.71586071257224,7,86.66666030884225,1.854872226715088
94.71586071257224,8,99.99999618530492,2.4529597759246826
94.71586071257224,9,113.33331680298724,3.034447193145752
94.71586071257224,10,126.66665649414062,3.5641422271728516
94.71586071257224,11,140.0,4.004971027374268
94.71586071257224,12,153.33334350585938,4.336330413818359
95.7446544045523,1,6.666666030884028,0.4810498058795929
95.7446544045523,2,19.999997615815165,0.2575671970844269
95.7446544045523,3,33.33333110809408,0.21582303941249847
95.7446544045523,4,46.66666412353625,0.38039523363113403
95.7446544045523,5,59.999994277955196,0.7326698303222656
95.7446544045523,6,73.33332443237741,1.2162721157073975
95.7446544045523,7,86.66666030884225,1.7790782451629639
95.7446544045523,8,99.99999618530492,2.372844696044922
95.7446544045523,9,113.33331680298724,2.95300030708313
95.7446544045523,10,126.66665649414062,3.4819910526275635
95.7446544045523,11,140.0,3.921550989151001
95.7446544045523,12,153.33334350585938,4.2512078285217285
96.77361108804088,1,6.666666030884028,0.5806686878204346
96.77361108804088,2,19.999997615815165,0.3290365934371948
96.77361108804088,3,33.33333110809408,0.24562816321849823
96.77361108804088,4,46.66666412353625,0.36945873498916626
96.77361108804088,5,59.999994277955196,0.690911591053009
96.77361108804088,6,73.33332443237741,1.1554956436157227
96.77361108804088,7,86.66666030884225,1.7071003913879395
96.77361108804088,8,99.99999618530492,2.2950074672698975
96.77361108804088,9,113.33331680298724,2.8717267513275146
96.77361108804088,10,126.66665649414062,3.398397922515869
96.77361108804088,11,140.0,3.8354318141937256
96.77361108804088,12,153.33334350585938,4.16282320022583
97.80288402447188,1,6.666666030884028,0.6818950176239014
97.80288402447188,2,19.999997615815165,0.4061684310436249
97.80288402447188,3,33.33333110809408,0.28343209624290466
97.80288402447188,4,46.66666412353625,0.36736971139907837
97.80288402447188,5,59.999994277955196,0.6570928692817688
97.80288402447188,6,73.33332443237741,1.1004325151443481
97.80288402447188,7,86.66666030884225,1.6390485763549805
97.80288402447188,8,99.99999618530492,2.218989849090576
97.80288402447188,9,113.33331680298724,2.7908999919891357
97.80288402447188,10,126.66665649414062,3.3136768341064453
97.80288402447188,11,140.0,3.747335195541382
97.80288402447188,12,153.33334350585938,4.071294784545898
98.83256535556383,1,6.666666030884028,0.7842621803283691
98.83256535556383,2,19.999997615815165,0.4881868064403534
98.83256535556383,3,33.33333110809408,0.3293378949165344
98.83256535556383,4,46.66666412353625,0.37414783239364624
98.83256535556383,5,59.999994277955196,0.6314685940742493
98.83256535556383,6,73.33332443237741,1.0515605211257935
98.83256535556383,7,86.66666030884225,1.575060486793518
98.83256535556383,8,99.99999618530492,2.1454224586486816
98.83256535556383,9,113.33331680298724,2.7102279663085938
98.83256535556383,10,126.66665649414062,3.227722406387329
98.83256535556383,11,140.0,3.6569831371307373
98.83256535556383,12,153.33334350585938,3.977126359939575
99.86278075572906,1,6.666666030884028,0.8873123526573181
99.86278075572906,2,19.999997615815165,0.5749030113220215
99.86278075572906,3,33.33333110809408,0.38345497846603394
99.86278075572906,4,46.66666412353625,0.3896704614162445
99.86278075572906,5,59.999994277955196,0.6134533882141113
99.86278075572906,6,73.33332443237741,1.0088915824890137
99.86278075572906,7,86.66666030884225,1.5153673887252808
99.86278075572906,8,99.99999618530492,2.0742251873016357
99.86278075572906,9,113.33331680298724,2.630230188369751
99.86278075572906,10,126.66665649414062,3.141024112701416
99.86278075572906,11,140.0,3.564626932144165
99.86278075572906,12,153.33334350585938,3.8802974224090576
