cell_id,x,y,area,partition,max_depth,arrival_time,final_stage,final_depth,final_velocity
0,68.875,27.473885485415142,11.72856591641721,unpartitioned,0.32988648135586085,0.0,0.5666052110905415,0.3275694968048273,0.036811690718709204
1,82.90129357763273,12.719098072232777,16.151869455837243,unpartitioned,0.31945586010925653,0.0,0.5637767744120303,0.3127185227740594,0.02764343922840667
2,41.300000000000004,40.106666666666676,6.216000000000008,storage_plain,0.30502865504966276,0.0,0.5697025707488408,0.30430257074884076,0.034399108575565364
3,31.583333333333332,30.920666666666673,14.855500000000006,unpartitioned,0.3459345839056436,0.0,0.5658189587624821,0.3420808635243868,0.028344456189329834
4,70.69999999999999,40.10666666666666,6.2159999999998945,storage_plain,0.2790296253153759,0.0,0.5694860010160757,0.27888600101607575,0.03851076756121513
5,58.800000000000004,43.97088469131737,5.986857851766217,storage_plain,0.2974761358605125,0.0,0.5709533031657058,0.29055330316570577,0.04106167923586105
6,70.45833333333333,32.70708243494045,18.421981174475604,unpartitioned,0.29426496155570275,0.0,0.5676937782903398,0.2939675878141494,0.03616482652371742
7,69.575,36.04041576827379,15.53716614663631,unpartitioned,0.2792906560838076,0.0,0.5686304912604627,0.27899477697474845,0.037262022124084415
8,80.0,27.756212357373148,16.36545171152227,unpartitioned,0.31985953737233697,0.0,0.5656011584794554,0.3170297299080268,0.030085806524038517
9,68.83333333333333,40.77333333333333,4.172000000000253,storage_plain,0.2876385502737104,0.0,0.569809173320502,0.280809173320502,0.03987592204781515
10,73.62971933085045,41.93358466040067,12.546745509238235,storage_plain,0.27615116534583545,0.0,0.5692623533437072,0.27615116534583545,0.03817292381552851
11,47.6,40.45333333333334,5.600000000000023,storage_plain,0.30741118845351983,0.0,0.5700288881221722,0.29922888812217224,0.03831571222896415
12,75.53866340041128,36.86167926931008,18.76408638380849,unpartitioned,0.27352943132607904,0.0,0.5679530369347389,0.2732056111629578,0.03545010066689513
13,38.37028066914954,41.933584660400676,12.546745509238121,storage_plain,0.3075689299650139,0.0,0.5698546591262289,0.30696584712410074,0.03171880150850027
14,51.800000000000004,40.45333333333334,2.800000000000068,storage_plain,0.3037921407097348,0.0,0.5701845985373869,0.2957845985373869,0.04032570937324511
15,105.06910123882066,9.453714333045227,10.111109470987287,unpartitioned,0.2998025533031558,0.0,0.5602299269013871,0.29017069726811223,0.005082801148055045
16,73.625,30.704000000000004,11.286000000000058,unpartitioned,0.3081859559630023,0.0,0.5669278135735977,0.30715400404978815,0.0356204902882123
17,55.23496734624231,34.90043528212465,5.009986444037963,unpartitioned,0.29721858338357726,0.0,0.5687085783928768,0.2913643206675263,0.03949593534332744
18,31.04125943356261,3.684643672561876,15.71862377083508,unpartitioned,0.3673621997293697,0.0,0.5621616147303404,0.3555548209301439,0.027731241650729523
19,35.25,30.920666666666666,14.855500000000063,unpartitioned,0.34220319396362076,0.0,0.5662922509143983,0.33941129853344587,0.030643481445021884
20,59.150000000000006,38.31542114191265,2.534423402975108,storage_plain,0.29713770708088977,0.0,0.5697182354631259,0.28901823546312594,0.04005646703400419
21,59.03333333333334,39.78666666666667,2.1000000000001364,storage_plain,0.29736064647703203,0.0,0.5700782056102209,0.2894782056102209,0.04011730698417796
22,41.300000000000004,37.345333333333336,11.180399999999963,storage_plain,0.3049189117964672,0.0,0.5689553670417512,0.3035553670417512,0.03497461932194823
23,45.26666666666667,39.78666666666667,4.2000000000000455,storage_plain,0.3088283880829143,0.0,0.5698456219695279,0.30104562196952794,0.03734378524226122
24,51.80000000000001,42.89811288053423,7.468074098243733,storage_plain,0.303855277302697,0.0,0.5707419138476104,0.29634191384761044,0.04030926311224951
25,56.583333333333336,53.700463455968524,30.18141714041326,storage_plain,0.29963118188239224,0.0,0.5719883798677664,0.29348837986776644,0.040680695071668646
26,62.06666666666667,39.78666666666667,4.2000000000000455,storage_plain,0.29463895518050853,0.0,0.5699965276923542,0.2867965276923542,0.04044006840978067
27,43.788993529249524,25.51877165492966,10.691159172432663,unpartitioned,0.3511057498416631,0.0,0.5659220673454626,0.3483886443203915,0.03427896699641391
28,53.54999999999999,38.31542114191265,2.534423402975108,storage_plain,0.30214185350307415,0.0,0.5696565201206443,0.2937565201206443,0.04005314314717997
29,64.4,37.00682575840863,6.656498861013006,unpartitioned,0.29192149700677567,0.0,0.5692047250197528,0.2840047250197529,0.03900528273868063
30,66.73333333333333,39.78666666666667,4.199999999999818,storage_plain,0.2901209267954345,0.0,0.5698095319453458,0.2826095319453458,0.039680032432091714
31,38.583333333333336,35.812666666666665,15.342800000000011,unpartitioned,0.30654298849822287,0.0,0.5681173251720042,0.30504589660057563,0.032835273472311605
32,43.16666666666668,40.77333333333334,4.1720000000000255,storage_plain,0.3095618384259237,0.0,0.5700119062123015,0.3030119062123015,0.035812397638597435
33,68.34036129810255,43.82264110066777,12.546745509238008,storage_plain,0.288909315281348,0.0,0.5704331833472099,0.28185573080597914,0.040051885847837254
34,64.4,40.45333333333334,5.600000000000136,storage_plain,0.29278435413525966,0.0,0.5700624401133969,0.28486244011339695,0.0403130109751571
35,57.4,42.19277181078315,4.505641605289156,storage_plain,0.299438451129633,0.0,0.5705946368307225,0.2913946368307226,0.04071528939536095
36,54.366666666666674,40.45333333333334,2.7999999999999545,storage_plain,0.3016629068960381,0.0,0.5702011262821716,0.29360112628217155,0.040867934107464955
37,58.1,36.98183648151198,3.367607541618895,unpartitioned,0.29761460918281607,0.0,0.5694131682891818,0.28961316828918177,0.039862447962818875
38,56.699999999999996,39.78666666666667,2.099999999999909,storage_plain,0.2996472005767975,0.0,0.5700797245731383,0.2914797245731383,0.040277474314622974
39,49.699999999999996,37.7781448287386,8.45368757894687,storage_plain,0.30546957707594335,0.0,0.5694679685384291,0.2968679685384291,0.03907212487537963
40,49.93333333333334,39.78666666666667,4.199999999999932,storage_plain,0.30536286789062644,0.0,0.5699562211999666,0.2971562211999666,0.03939817609482375
41,65.30702796476923,43.50264110066777,20.014185245609042,storage_plain,0.29179380709400987,0.0,0.5705768789032791,0.2845994263620483,0.04073501180334526
42,60.20000000000001,40.45333333333334,2.7999999999999545,storage_plain,0.296502991062299,0.0,0.5702200811381649,0.2886200811381649,0.04047328552219403
43,57.050000000000004,37.78641533959934,4.200791680262114,storage_plain,0.29866343440443427,0.0,0.5695638004572402,0.2906638004572402,0.03968146266960415
44,57.633333333333326,40.45333333333334,2.7999999999999545,storage_plain,0.2988597916194189,0.0,0.5702012131348012,0.29080121313480123,0.040267512951371966
45,62.9736946314359,45.280753981202,19.729211891870136,storage_plain,0.29405060204769146,0.0,0.5710168144614345,0.2870393619202037,0.040923916557193685
46,55.300000000000004,39.78666666666667,2.099999999999909,storage_plain,0.30085713857529,0.0,0.5700879356005576,0.29268793560055756,0.04067219351668084
47,56.0,36.98183648151198,3.367607541618554,unpartitioned,0.2994745689740091,0.0,0.5693345075948612,0.2913345075948612,0.03975251501305378
48,52.96666666666667,39.78666666666667,2.1000000000001364,storage_plain,0.30268967280016607,0.0,0.5700292473730838,0.29462924737308377,0.04055070804336714
49,54.949999999999996,38.31542114191265,2.534423402975108,storage_plain,0.30124862547548487,0.0,0.5696950944989762,0.2925950944989762,0.04040046267222312
50,58.86132728123919,34.90533836778382,4.985720988182038,unpartitioned,0.29419293008986847,0.0,0.5687794109863421,0.2883268447452799,0.03924042591580637
51,55.918300679575644,32.371680806878665,9.97794657290433,unpartitioned,0.3119867783930192,0.0,0.5679933116381146,0.30673000629371644,0.038640486902396076
52,51.88496734624231,32.363410296017925,9.134748869461305,unpartitioned,0.3144679551454827,0.0,0.5679692707518094,0.310163108264554,0.037473189801675105
53,64.32938884987836,27.824134611630544,9.233040892132294,unpartitioned,0.33582907193301237,0.0,0.5668176226146606,0.33167814645762206,0.037914418144272745
54,60.550000000000004,37.53249779871416,3.7675276685126846,storage_plain,0.29554693985549246,0.0,0.5694723446403857,0.28757234464038567,0.04011072467722232
55,85.10656685475807,38.66976624923052,37.957154628248645,storage_plain,0.26548606217345816,0.0,0.5661049245946584,0.2631564387191515,0.026861486189396565
56,59.15,50.51857633650275,21.435591008943447,storage_plain,0.2954538291408287,0.0,0.571709191487819,0.29100919148781895,0.04167693914753715
57,49.026305368564124,45.280753981202004,19.729211891870136,storage_plain,0.3060067721708703,0.0,0.5711984038446659,0.29917585638589667,0.038704744144493555
58,40.26325270438033,44.98289242773512,25.206781817351384,storage_plain,0.30680277641723713,0.0,0.5707060297327685,0.30619467027187114,0.03450808481320509
59,43.65963870189746,43.82264110066779,12.546745509238008,storage_plain,0.31005662643265336,0.0,0.5707811944136404,0.3033586469548712,0.036422239352417535
60,60.20000000000001,42.898112880534235,7.46807409824396,storage_plain,0.29660898021977383,0.0,0.5707211021053052,0.2891211021053052,0.040780122226582886
61,44.800000000000004,36.00347816207193,20.997443789473436,unpartitioned,0.30857680444981767,0.0,0.5687817393586375,0.3003817393586375,0.036869819748161455
62,48.45416505755071,15.031624902435931,10.791969872573873,unpartitioned,0.3495101456123121,0.0,0.5645651662925031,0.3430330248146025,0.03422178162728973
63,62.30000000000001,38.337076656801514,4.932417062150307,storage_plain,0.2941452409517958,0.0,0.5696521153866023,0.2862521153866023,0.040089935321445475
64,61.83579431190881,26.587030154633624,10.853103187789998,unpartitioned,0.33837057024064854,0.0,0.5666414161398214,0.33363930672961384,0.0377501858072738
65,59.71132728123919,30.376835219605184,8.95495093968691,unpartitioned,0.32491048859268135,0.0,0.5674877480478533,0.319639943711553,0.038763136827091996
66,66.5,37.78974910160712,8.380580659875022,storage_plain,0.29036488692835,0.0,0.5693819179562755,0.2823819179562755,0.038773870910239955
67,62.85702796476922,50.240753981202,32.08102959734879,storage_plain,0.29012009980172687,0.0,0.5715241543813498,0.28764670184011903,0.04113611070070713
68,57.86666666666667,46.6313481472859,8.149521156256014,storage_plain,0.2959671262955417,0.0,0.5714124644571938,0.29181246445719383,0.04176508866958785
69,52.15,36.973565970651244,8.874689087185402,unpartitioned,0.30270635381509653,0.0,0.5692745543805123,0.29457455438051233,0.03982057098651067
70,49.81666666666666,31.11147816207193,14.189281904762538,unpartitioned,0.33166467004535927,0.0,0.5675853807362226,0.32821871406955594,0.036669351172499455
71,60.6113272812392,35.455999684986004,6.049902251186836,unpartitioned,0.29254220191243124,0.0,0.5689344205246316,0.2869818542835694,0.039520080553707614
72,63.061327281239194,34.930327644680474,9.722555354116139,unpartitioned,0.28992579134565927,0.0,0.5686969488253566,0.2846443825842944,0.039374416555222676
73,44.12630536856412,53.42264110066778,67.65567110747077,storage_plain,0.306327756392076,0.0,0.5719182219986797,0.3040956745399105,0.03650894061995131
74,46.69297203523079,43.50264110066778,20.014185245609497,storage_plain,0.30779570582002097,0.0,0.5707857000024124,0.3007631525436431,0.037643054843411315
75,64.46132728123919,32.379917654545636,18.37633281093929,unpartitioned,0.3028424995564385,0.0,0.5679022793539944,0.2993163797795989,0.03827041114263315
76,68.08333333333333,31.123082434940457,14.271962348950638,unpartitioned,0.3133508594255461,0.0,0.5674725691126387,0.3124487595888291,0.0367908401305088
77,86.0,30.652531158261628,9.195186949569688,unpartitioned,0.2974145985117195,0.0,0.5651484130903475,0.2947674607093951,0.025936027175194148
78,97.67891564933818,40.851185525035426,69.15507864335427,storage_plain,0.2534647690783631,0.0,0.5637951384579268,0.25007035361563695,0.01126893185998396
79,5.1421276324460745,48.89225413292223,83.91952296151987,unpartitioned,0.33778940792418977,0.0,0.5663443215811791,0.33193678361051104,0.004524669180323269
80,2.6666666666666665,31.786666666666672,32.000000000000014,unpartitioned,0.37594701431666444,0.0,0.5640176387779251,0.3650652578255442,0.002485298260044649
81,76.79338273126173,40.43793059637742,23.757834859248987,storage_plain,0.2730584893009144,0.0,0.56847158765709,0.2726486881731514,0.035403708204526506
82,55.53333333333333,42.19277181078315,4.505641605289156,storage_plain,0.3008578082755619,0.0,0.5706197568607253,0.2930197568607253,0.04115943935668376
83,49.72630536856412,50.240753981202005,33.66791617519948,storage_plain,0.3021586829655673,0.0,0.5718294779726798,0.2992069305139106,0.03880684737554499
84,54.13333333333333,43.97088469131737,13.454931950010177,storage_plain,0.3013691240111738,0.0,0.5710064973974434,0.2946064973974434,0.04083172617420918
85,38.16325270438032,49.62289242773512,57.81059726694923,storage_plain,0.3088773030609009,0.0,0.571007673792875,0.3082963143319776,0.03176779412390807
86,66.1236946314359,53.42264110066777,33.82783555373567,storage_plain,0.2873289107579529,0.0,0.5714394748313819,0.2847620222901512,0.03994484545854201
87,55.06666666666667,46.631348147285884,11.855393573079937,storage_plain,0.2982048325641254,0.0,0.571447761388837,0.29424776138883707,0.04111083180470388
88,40.68333333333334,30.67866666666667,11.105499999999893,unpartitioned,0.3366545000513246,0.0,0.5668300680193028,0.3352919727812076,0.033881779982029056
89,46.166666666666664,32.67014482873859,23.664346907268964,unpartitioned,0.3174498011726306,0.0,0.5677853649579689,0.31488060305320703,0.03628858750402697
90,46.9,37.7781448287386,8.45368757894687,storage_plain,0.3077436249988923,0.0,0.5693904575741311,0.2991904575741311,0.0374051790091875
91,54.74953165945294,27.450115736630185,11.897925376509988,unpartitioned,0.345509166360647,0.0,0.5668280621324069,0.33989989213859007,0.03725344488407741
92,122.92457562113445,37.31278429375664,32.92757364296972,unpartitioned,0.23201808457342077,0.0,0.5646376453120038,0.22927372335103147,0.021448774942757272
93,53.43333333333334,50.51857633650275,19.11942074842841,storage_plain,0.3001297525231154,0.0,0.5718541911222098,0.2960541911222098,0.040422954266797415
94,71.73674729561968,44.9828924277351,25.206781817351384,storage_plain,0.27879249198787465,0.0,0.5699163722161595,0.278427731677057,0.038195319728553744
95,32.11802041376248,25.56396957497859,11.732171201130257,unpartitioned,0.3624235129214832,0.0,0.5648002464866008,0.3572705147033758,0.029525176142037195
96,9.068447682612153,26.370914836609188,9.390483669866484,unpartitioned,0.3876252267846332,0.0,0.5627275950086066,0.3749546398520819,0.011597650735508823
97,21.5,34.71995207223054,23.09980229795093,unpartitioned,0.34012786453833144,0.0,0.5654600833410831,0.3336981785791784,0.019236539608334054
98,24.25,32.6127217296208,28.814954269371583,unpartitioned,0.35392511548871375,0.0,0.565479320209055,0.34802693925667405,0.021672930984244373
99,47.34076489678727,23.093051760601714,7.62682665195905,unpartitioned,0.34893168171925737,0.0,0.5656825115957739,0.3451047131128133,0.035076222135807515
100,60.77101620600161,15.798261529422476,9.793828244618908,unpartitioned,0.3388958466202908,0.0,0.5651108035826523,0.3330213611203652,0.03584750776223258
101,60.302740979688934,6.347988755721626,14.696201740820442,unpartitioned,0.33921051358164667,0.0,0.5643324797457356,0.3326444160488594,0.035575590524851944
102,91.71375787991224,32.84621052097555,31.561857333494117,unpartitioned,0.27552539120575137,0.0,0.5639920802288565,0.272046954427027,0.016109847907293896
103,73.88694252477693,27.347909337576667,12.626145969766185,unpartitioned,0.3252251857656777,0.0,0.5662589147139346,0.32292724969269726,0.03467365630907995
104,58.801237637384425,13.968955210078384,9.1098006332669,unpartitioned,0.34086682717202643,0.0,0.564843182986085,0.33444212215404123,0.03540817248168917
105,62.78014339454423,8.623121915746982,17.045627271659328,unpartitioned,0.3365467096766541,0.0,0.5645307786079614,0.3307192271269235,0.03567284899961734
106,67.88726047160618,18.11343903436929,11.672858831576832,unpartitioned,0.33273329730146106,0.0,0.5653397659027557,0.3271506854985219,0.036098633981274414
107,87.0364182259219,22.28406064444788,10.105466639030169,unpartitioned,0.31483717126281785,0.0,0.5639049502955841,0.30930230610193676,0.023426567980768
108,52.30744631785135,25.49190200657928,14.526578728806612,unpartitioned,0.346120650114362,0.0,0.5663598463270618,0.3415248923403321,0.03652603430024643
109,68.7883137465529,21.099689660060026,11.621636461474509,unpartitioned,0.33115982695838864,0.0,0.5656173889159408,0.3266559771331812,0.03648596668059924
110,80.06366340041127,31.944345935976752,33.89215123172107,unpartitioned,0.30210354599839745,0.0,0.5663252529691147,0.30103258910209557,0.03045149129828826
111,84.67262278519725,48.43314048205948,66.41602892846277,storage_plain,0.26629514666186466,0.0,0.5672639548123698,0.2646874209964865,0.026570068458717632
112,38.471208705432936,13.15509454261811,8.048291067322566,unpartitioned,0.3576176257897805,0.0,0.563675502856717,0.350700181109203,0.030548291047248925
113,59.1375928216929,11.747133333788073,9.067314930907685,unpartitioned,0.3403607769781203,0.0,0.5646321681029604,0.33394280282722355,0.035452872612597226
114,66.61770259643127,23.09605330086029,10.294213164965413,unpartitioned,0.33251178783717217,0.0,0.5659308402974957,0.3288299523576975,0.03700810952009455
115,71.51194252477693,25.701794822991804,14.117699207192004,unpartitioned,0.3276381854189645,0.0,0.5661363672578479,0.32484041652232476,0.03576140091570762
116,66.70438884987836,26.178020097045685,8.966789868456544,unpartitioned,0.33212748820914006,0.0,0.5664537519546738,0.32927856151192103,0.037430971132034696
117,71.51194252477693,22.409565793822082,13.220119153843143,unpartitioned,0.32844610231403915,0.0,0.5656690935681117,0.32437314283258856,0.035802114586668383
118,79.4453033781209,21.37522123832791,11.874895894930091,unpartitioned,0.32166180529173904,0.0,0.564971092734944,0.31687511841084026,0.031245912823139738
119,71.675,37.37066666666667,11.020800000000008,storage_plain,0.2773086346101702,0.0,0.5687443488958844,0.2773086346101702,0.037145255398964745
120,59.256405462030465,27.882895543003077,8.814369256102964,unpartitioned,0.34187627732188763,0.0,0.5669252165050744,0.336134011823334,0.03807719356487705
121,64.24270259643127,22.430410825168394,10.294213164965413,unpartitioned,0.33474750245845797,0.0,0.5658610181934673,0.3307958445393834,0.037090094022500235
122,62.87799394790586,30.37683521960518,8.95495093968691,unpartitioned,0.32072333531071334,0.0,0.5674605132362426,0.3168984231856566,0.03814025389742641
123,58.14466061457252,32.376583892537845,10.056407160333492,unpartitioned,0.31013996989769305,0.0,0.5680398763845922,0.30486826252448246,0.038774598640900576
124,63.47216889586601,20.013522718399468,8.653941962181193,unpartitioned,0.3362512390736283,0.0,0.565556652111324,0.33115193591486747,0.03665746906147318
125,64.94611562091929,17.692914568400628,8.803941400807503,unpartitioned,0.3353381113781979,0.0,0.5653346247906084,0.3296665256869632,0.036255430156643155
126,74.1786972271213,20.58902406670059,13.653771202922826,unpartitioned,0.3264513908624179,0.0,0.5653010983631064,0.32171935788271666,0.03456050529106212
127,76.64823571546137,15.793656298534875,12.675007084150423,unpartitioned,0.3249344736051645,0.0,0.564733963323796,0.3190354755676863,0.032895549322721075
128,57.2504621640478,23.473378970389387,8.227044110376141,unpartitioned,0.3423574432156039,0.0,0.5660965525823537,0.3370247278703127,0.03651935940669281
129,55.38785934124621,14.856576155596182,11.540698206555987,unpartitioned,0.34383518713426064,0.0,0.5648630862514439,0.3373877782446614,0.0348992196851588
130,66.27537367332087,7.747410597072789,15.047824391026126,unpartitioned,0.3333010772998053,0.0,0.5645789155200825,0.32777145237152183,0.0356524086824569
131,62.11399582792628,11.269830211533678,9.96882739722406,unpartitioned,0.33758396087980125,0.0,0.5646852384271559,0.33144467057464766,0.035724311323276935
132,51.24914931430658,17.31068089232964,6.616173458184505,unpartitioned,0.3472672429769206,0.0,0.5650318967471888,0.34110405447778314,0.034902980546731736
133,63.48355524981945,15.495034271138605,9.596000865788028,unpartitioned,0.33664231254552845,0.0,0.5651045991550829,0.33069012322666624,0.03600620218788993
134,59.3981212064463,18.338476313626014,10.750451115473197,unpartitioned,0.3399908944079586,0.0,0.5653680982248696,0.3344554229050585,0.03602627938397476
135,60.63671352521084,20.355857205340982,8.87472429747038,unpartitioned,0.3385035182144156,0.0,0.565642876422459,0.3336685505437069,0.03654509551280013
136,42.83521737838449,7.6129098399927955,16.161800608999016,unpartitioned,0.35347479614779675,0.0,0.5635632678338234,0.3468473672237795,0.03311736101386404
137,71.22329023891392,13.859174166050897,17.158924122697556,unpartitioned,0.32987537248052357,0.0,0.564901328328906,0.32385279383840837,0.03470206384366727
138,88.66666666666667,30.652531158261628,9.195186949569688,unpartitioned,0.2952974245422922,0.0,0.5648011180810214,0.29213445141435473,0.020553093920689634
139,57.2674276983112,7.383567618234969,10.717108421758866,unpartitioned,0.34125966244860895,0.0,0.564252061405555,0.33516569480700253,0.035289325854307496
140,77.30115750891538,10.247220286508044,17.763151792883292,unpartitioned,0.32428074540081764,0.0,0.564311417944923,0.3180532829372813,0.03233469734134273
141,64.49017968743563,13.188424829540123,8.282345527070163,unpartitioned,0.335720685454618,0.0,0.5649186017654476,0.3296413048905028,0.035953878818571004
142,68.46085963677079,12.397814696149567,17.36087856721099,unpartitioned,0.3322090516973605,0.0,0.5648306800441876,0.32614994321266977,0.03526844035753435
143,100.57635357470535,8.44754253740665,7.877054137928042,unpartitioned,0.3037539196194822,0.0,0.5602856110496285,0.29407730798559534,0.005978960499159666
144,49.96267395995731,13.399525018508292,12.711095440455495,unpartitioned,0.3483283748664153,0.0,0.5644750702497272,0.3416499211411924,0.03444692390284475
145,82.13389373085343,6.457512901875851,15.665414757253274,unpartitioned,0.3199629305961909,0.0,0.5633864122452628,0.3129859319045312,0.02796610035376285
146,50.603022226723475,19.74469331020835,16.938495648437595,unpartitioned,0.3470033844969437,0.0,0.5652998571649138,0.3419258381134366,0.035279909325525376
147,49.9704650285951,5.689284952551833,10.929428625450214,unpartitioned,0.3483627074521244,0.0,0.5638231252439243,0.34099129807655715,0.03461723233136695
148,73.95299822475012,17.80311126228839,10.030627968404701,unpartitioned,0.3271413630562334,0.0,0.5650529545398558,0.3216646703472129,0.034458247913459666
149,76.8036091914436,25.984121694949817,13.883484548736305,unpartitioned,0.3229842526119848,0.0,0.565771313012289,0.3199396479910517,0.032799864397540214
150,86.86213629358026,17.306003086694734,9.011591556359349,unpartitioned,0.3158583342819224,0.0,0.5635225097729665,0.3090692500927548,0.024543196587153027
151,44.642504930838584,2.731339799463484,8.549904963147668,unpartitioned,0.35374828670295433,0.0,0.5633970565614194,0.34513205233498634,0.03385649542460566
152,56.76842710693313,10.136003900514721,7.793526929325907,unpartitioned,0.3420192140877787,0.0,0.5644023961940542,0.3357437443881115,0.035182930716472105
153,70.38519024745902,16.637402363719147,14.634512880074055,unpartitioned,0.3307442276100151,0.0,0.5651281652983177,0.3247980022290671,0.035288076614653135
154,76.60533006707794,33.52834593597675,20.019525115048737,unpartitioned,0.28852701835625955,0.0,0.5671530648319734,0.28815802001257323,0.03407048077028827
155,77.09536389378798,22.51746545324346,15.71618413142403,unpartitioned,0.3234947351823212,0.0,0.5652713224558169,0.31918958197542724,0.03264082827823638
156,75.61124767123853,13.189855313403262,12.675007084150593,unpartitioned,0.3259917224951199,0.0,0.5646398484700536,0.31983020760899195,0.03333167840112707
157,79.22387420216548,17.437324888031526,14.659891907460178,unpartitioned,0.3225299638585072,0.0,0.5646306348505203,0.31672445696294993,0.03151314093954602
158,82.14279571788565,23.1463419202998,10.827226483491245,unpartitioned,0.3188918743142199,0.0,0.5648028682777128,0.3143947576623822,0.02853150383353369
159,54.575809218790084,16.95673439254776,8.920972954724846,unpartitioned,0.34445712991066346,0.0,0.5650945029454505,0.33831523790077334,0.03518610427074304
160,91.15637684190848,19.32871755817005,14.103976494028984,unpartitioned,0.31176190347964666,0.0,0.5627705502267367,0.3046365129336723,0.01765439222998433
161,52.91780610942447,22.050000429048385,13.75677208239739,unpartitioned,0.3450034246298711,0.0,0.5657609433772879,0.34040282385492404,0.035798806309300206
162,47.68024152098126,25.84720657335067,9.083041094857776,unpartitioned,0.34866923100187364,0.0,0.5661738305624725,0.3453050521159171,0.03527137839317581
163,52.52370464144966,9.732519705877237,8.655646394048091,unpartitioned,0.3455445142059048,0.0,0.5642387967768275,0.3392184785127278,0.03461642163099519
164,54.613920920547734,11.079672392659274,7.793526929325935,unpartitioned,0.3440058717216624,0.0,0.5644252989094504,0.33761336669183806,0.034828812528555006
165,58.71307717207399,1.412170569904446,9.267369364997919,unpartitioned,0.34250689110806654,0.0,0.5641510534631579,0.33382555874423736,0.03554683046271562
166,49.50749251557363,10.902538665173404,12.838625569381037,unpartitioned,0.34849442537602615,0.0,0.5642231072994273,0.3417881137146499,0.03427488158925968
167,50.72160472699726,2.8718307871496727,12.030130097516405,unpartitioned,0.349158396037911,0.0,0.5637585640063437,0.34028290281177465,0.034822775560453226
168,52.49413248880739,7.141204120003174,8.82890234054419,unpartitioned,0.34527792291151593,0.0,0.5640348681180001,0.3390398974133081,0.03466078974211501
169,53.955351193182935,1.5080598146551163,9.896642533674196,unpartitioned,0.3465524587547859,0.0,0.5638808942718827,0.33763345039201165,0.03520597647448731
170,61.03831144747833,3.192281847337,14.148995942069263,unpartitioned,0.340143353747152,0.0,0.5642832787214469,0.33196472605217975,0.03571056251486439
171,45.835388758536595,18.410961556123485,9.322041934708409,unpartitioned,0.3513715124070178,0.0,0.564900375226247,0.3456128991475014,0.03371707411388265
172,40.09234202465151,4.8019836118579535,8.332820548947453,unpartitioned,0.35673736081226437,0.0,0.5631222558437379,0.34875739125117944,0.03201804346203334
173,47.70548937022942,8.166934237138781,15.30713462504059,unpartitioned,0.34935164019890597,0.0,0.5638965980659232,0.3430061786057266,0.03389909791585736
174,55.08334935928354,5.73592052450546,11.15757218170046,unpartitioned,0.34420050974067806,0.0,0.5640722572412228,0.3368579577904083,0.03522061581930158
175,47.80792020048099,1.3637709724945566,17.89949401399106,unpartitioned,0.3516181119028373,0.0,0.5635633941904412,0.3425851768757432,0.03466459096292954
176,68.38465981098723,2.279995589710434,14.962471057474744,unpartitioned,0.33327411573900423,0.0,0.5644137897887375,0.32579836709360555,0.035638373469951
177,55.79342836525692,2.9202303845595625,11.863364076303156,unpartitioned,0.3448777137725443,0.0,0.5640229333463186,0.33619999474752693,0.03537201943083428
178,69.57990605603808,9.603508759468932,17.245798916441913,unpartitioned,0.33080819247704674,0.0,0.5646243149917205,0.3249843955151165,0.035429058048143065
179,45.57357425088117,15.444158801447836,13.297005865016558,unpartitioned,0.3518863427644726,0.0,0.5644773479205059,0.34541428427689347,0.03328269555241828
180,41.358535045563556,19.655341501991803,11.462082389904765,unpartitioned,0.3547375945353044,0.0,0.5647391985305413,0.34928902563434405,0.032815447529946695
181,45.29121379898917,6.7170488987055466,16.391830435866154,unpartitioned,0.3512768437786201,0.0,0.5636500642240272,0.34482902382489367,0.033543971273797824
182,37.91449096221956,6.39602808185868,7.890019280296002,unpartitioned,0.35923810702742953,0.0,0.5630046422166368,0.35050650710616293,0.030744513149856822
183,37.280833514417594,1.1747828711072215,7.709512591641136,unpartitioned,0.3603463579537516,0.0,0.5626747890421644,0.3507197888869493,0.0315044364052234
184,42.04291806369093,1.3675688269689272,8.974670426983579,unpartitioned,0.35586669928348424,0.0,0.5631387792299185,0.3471019923181834,0.03340253387871408
185,40.17675648972662,17.396059929598916,8.33348799436277,unpartitioned,0.35618349439234476,0.0,0.5643123522014503,0.3498751323531132,0.03198317875628808
186,16.365749763246964,13.525293592575595,15.241368196037058,unpartitioned,0.3822321745987849,0.0,0.561154069849044,0.36712628433768957,0.016400666294244554
187,53.5697083391693,13.578422771450427,7.271086224574674,unpartitioned,0.3452133001757792,0.0,0.564628070054645,0.3387111771924999,0.03446639704209824
188,55.604416493590456,21.268581849855412,8.741914053839537,unpartitioned,0.34260046747485395,0.0,0.565736525050668,0.33807559662759046,0.0358243359514307
189,80.87079788823134,9.77118975409985,17.939546293969045,unpartitioned,0.3211084994988155,0.0,0.5638563087145051,0.3145384819531639,0.029359285298079706
190,49.80791465839841,27.161786269949094,13.95227282661267,unpartitioned,0.3476414686581264,0.0,0.5665535088166705,0.3438610105380433,0.03619693821820685
191,56.61629251537297,18.6093282312335,9.025197218670598,unpartitioned,0.34217776294217617,0.0,0.5653700685187845,0.33684181779132194,0.035778043356048665
192,59.50093050459486,22.83150624348244,8.227044110375914,unpartitioned,0.34001526095837287,0.0,0.5660023900484761,0.335001592473109,0.036605990465429956
193,61.83579431190882,24.275273164356864,8.978131338634853,unpartitioned,0.3382552892597187,0.0,0.5661944091584622,0.3331922997482546,0.03715618270417736
194,57.005937121483406,26.213011279633264,8.771707110001216,unpartitioned,0.3431760168563601,0.0,0.5666109594987487,0.33774872768033437,0.037266636611121944
195,54.31830067957565,30.371932133946004,8.920016454365168,unpartitioned,0.3295892978619088,0.0,0.5674638059361167,0.32423859582981374,0.03790968784893453
196,52.784967346242304,34.89216477126391,9.05153347447731,unpartitioned,0.29888353110169075,0.0,0.5686921766909943,0.2934479189656437,0.03914320193119495
197,39.72087268343323,27.52374138467556,11.373342634186713,unpartitioned,0.35426699401605055,0.0,0.566008009578931,0.35196154727884543,0.03336747650693988
198,45.03285023838885,22.764616842180704,7.626826651958879,unpartitioned,0.3509307581046127,0.0,0.5654835688376639,0.3468839829190449,0.03473156534327594
199,45.37232686258286,27.80542030340158,9.366380338263752,unpartitioned,0.3506197338694088,0.0,0.5664927549898932,0.34760218910767926,0.034693542209581436
200,43.85,30.67866666666667,11.105500000000006,unpartitioned,0.3354847923948512,0.0,0.5671522349706001,0.3328998540182191,0.034436237272196184
201,44.06730764845131,20.099504289861418,9.322041934708295,unpartitioned,0.3524235422107055,0.0,0.5649989433004211,0.34722696531603425,0.03369897616393737
202,48.06985247762302,20.432440074990293,7.724274324014402,unpartitioned,0.3488577831082973,0.0,0.5653064816587682,0.34410375096366275,0.03498050856699021
203,36.95731053678062,22.477718683146353,10.332206606907278,unpartitioned,0.3580523605154774,0.0,0.5647607967341625,0.35308310198835047,0.031723330639892876
204,40.775963116642345,14.612805440084962,8.91463703389229,unpartitioned,0.35563475930991784,0.0,0.5640149937842756,0.34906416825572495,0.031966283954781606
205,32.34595972873653,22.29086620348595,9.501802002882357,unpartitioned,0.36243797772264885,0.0,0.564242794921589,0.356517686582672,0.028696946992647104
206,30.795101939605118,17.580523031480435,12.669031772349797,unpartitioned,0.36562292341829505,0.0,0.56342258505158,0.35702678338906135,0.026765333121468556
207,39.83929012301814,22.038775135585073,10.48251968170922,unpartitioned,0.3556011492269675,0.0,0.5649634438297136,0.35081548086712666,0.03266836419600952
208,36.148190620573025,15.863563261257992,14.0625180299551,unpartitioned,0.3595204088583741,0.0,0.5637678860584895,0.3527837226694269,0.029627932904247263
209,41.304206016766564,25.237092736203646,14.877102859783122,unpartitioned,0.3533368536177873,0.0,0.5656993309291305,0.35029572577190204,0.03368353347854549
210,29.75,27.411674675889234,14.093683923913773,unpartitioned,0.36510328113562196,0.0,0.5649124516409001,0.3594124516409001,0.027883428196449025
211,33.726055273598426,15.658805278662788,10.40968422753096,unpartitioned,0.3625286037144231,0.0,0.563499939975984,0.3545918925986139,0.028261643552440572
212,36.017635749319076,6.043125198089892,7.8900192802960305,unpartitioned,0.36147977478994553,0.0,0.562819059245743,0.35194680003204093,0.02999911760183657
213,37.559720929195514,10.955971393785903,7.6977181918420285,unpartitioned,0.3588709460244429,0.0,0.563375030017121,0.35118098350638194,0.030118863475452
214,36.914578198722026,18.102648807023986,10.548921238783237,unpartitioned,0.35866850520098814,0.0,0.564134891437702,0.35249382441022603,0.03058613817362284
215,41.8849233811942,9.970435589558015,12.049459253496309,unpartitioned,0.3544926199120032,0.0,0.563640850200375,0.3477394873022086,0.03255353724710083
216,42.939783873963194,13.437778093525166,15.543979322073511,unpartitioned,0.3539599942528119,0.0,0.5640688714183669,0.3472633423835413,0.032510027996964966
217,34.86802041376248,27.27229489908936,15.243567082512754,unpartitioned,0.3594933219894326,0.0,0.5654356538092327,0.35554877916886485,0.031205973432533306
218,38.18333333333334,32.47933333333334,15.342800000000011,unpartitioned,0.32243485191355037,0.0,0.5670944200853795,0.32103251532347477,0.03292454223849857
219,24.412589678737124,18.31269326327097,7.972191398628894,unpartitioned,0.37295295661266026,0.0,0.5627480130261086,0.3618229361586196,0.0226495948690602
220,30.02611890664149,12.831204396331586,10.92988760764294,unpartitioned,0.3675061604517703,0.0,0.5628320201235989,0.35709534677504906,0.025712952946506697
221,36.353614002482864,39.41425132706734,21.37496333774982,storage_plain,0.3084319132970799,0.0,0.5688823868142435,0.3077221462406868,0.030324697204909462
222,31.370280669149537,39.5736397233548,53.81091112062467,unpartitioned,0.3123967422606873,0.0,0.5683079878886957,0.3114191758865676,0.02694890694112473
223,66.33489408639157,4.060106867142988,16.492361319824795,unpartitioned,0.3348960654500889,0.0,0.5644347296821747,0.32757624903669613,0.03568177319687964
224,63.57523427540434,1.780111277432554,11.681980258151128,unpartitioned,0.33814686771995806,0.0,0.5643397456592039,0.3298466877088573,0.03569163383204712
225,77.23617737264152,4.293732475797736,15.372224065590927,unpartitioned,0.3249480041460001,0.0,0.5639971943246087,0.31779475657663026,0.032069545890233815
226,35.52756874806009,3.081511901120239,8.616444156595009,unpartitioned,0.36230810174054806,0.0,0.5626053334074252,0.3521531316233738,0.030131378454987017
227,33.94270096141488,8.307125841193512,9.957219322184912,unpartitioned,0.36370529872385926,0.0,0.5628181928394148,0.3537244491582021,0.028554822382006396
228,39.94875157810852,2.5423516980761485,10.307452592457778,unpartitioned,0.35735027428498345,0.0,0.5630047730392868,0.34876298597233657,0.032369267027894666
229,38.80961484763593,8.946339787285604,7.697718191842071,unpartitioned,0.35776656385829786,0.0,0.5632757409404364,0.3500103567853199,0.03103155129636215
230,75.5742773640964,7.929941915626432,10.866435638076695,unpartitioned,0.3252738910686759,0.0,0.5643295874079861,0.3195516353816178,0.03320194668239126
231,34.58966225587495,10.6696603314626,9.95721932218487,unpartitioned,0.36254043821286985,0.0,0.5630981892318315,0.35344990729822445,0.028711256794169113
232,33.07901468513777,12.6640254976996,10.08780860133814,unpartitioned,0.3639617995170845,0.0,0.5631402374135639,0.3547867962548744,0.02776564267820818
233,33.2467352336425,1.9067290300130175,12.512909259460429,unpartitioned,0.3649783041668707,0.0,0.5623741804096194,0.35387697878078295,0.0294646180501518
234,30.06568250908332,20.622885910829677,15.146083796829487,unpartitioned,0.36568588143019787,0.0,0.5637411561670808,0.3579705711592951,0.026892860093554804
235,27.500273942984602,26.0881446119614,8.66056556958921,unpartitioned,0.3677084815652778,0.0,0.5643619894225648,0.36079032604286365,0.025758360513809763
236,25.52413146973176,16.049292125702312,12.346087289397445,unpartitioned,0.37214513435483376,0.0,0.56260052235769,0.3607226953836342,0.02300474033132137
237,28.699630040904037,15.583402155220492,12.981475949415056,unpartitioned,0.36854949218107924,0.0,0.5629571191490943,0.35835743625689087,0.02499478767708276
238,21.754709958106385,18.88289151712559,8.297436846064898,unpartitioned,0.3757221526318302,0.0,0.5624752765065792,0.3638283822567737,0.020807736512184177
239,25.86810353011437,3.2463654500583927,13.444941525443063,unpartitioned,0.3730455731491349,0.0,0.5615482784614636,0.3593756182927942,0.02388386034402099
240,14.538202654651508,23.458683023083,11.403313106985479,unpartitioned,0.3824990248951089,0.0,0.5625740258725135,0.3701127093113836,0.016415378393192365
241,31.247158160076008,7.123427186772717,13.726792123353405,unpartitioned,0.36691417329274634,0.0,0.5624154616373399,0.3556321832144176,0.02727452589157096
242,22.930438874057057,14.14336028161683,11.979412656498909,unpartitioned,0.37527396198066987,0.0,0.5620860381328666,0.3624313762408178,0.02143887241439865
243,27.71270598302837,10.81827195719849,12.576273574174493,unpartitioned,0.3704681341616737,0.0,0.5623530876467611,0.3585993396613082,0.024381571128843732
244,22.37972851813692,7.201492761547745,12.424594332030097,unpartitioned,0.37664227300852127,0.0,0.5613647463800459,0.36218212193592847,0.020978190738345674
245,25.525609429038862,21.27396143232133,11.013539789741458,unpartitioned,0.3709250389864144,0.0,0.5632848800584628,0.3614057862621438,0.023720107211830887
246,19.648801379138597,15.252944813625264,9.684388975545843,unpartitioned,0.37858656061727547,0.0,0.5617404234538775,0.3648985937003302,0.018852087293055368
247,18.22402503599379,27.588595862823073,12.63408413170967,unpartitioned,0.3777985074427962,0.0,0.5636314175780376,0.36801082469004287,0.018818545596736014
248,19.58461425418256,17.729074911565373,10.185133898954888,unpartitioned,0.378235413522764,0.0,0.5620928297177806,0.3653060174999099,0.019154852288314976
249,11.776847358737937,21.983659124067007,14.038325874702394,unpartitioned,0.38555402555214247,0.0,0.5621146751110527,0.3720202345178488,0.014078692571593839
250,23.698579330194253,1.468450807509534,9.636708424281323,unpartitioned,0.375533757051848,0.0,0.5612013998265925,0.36088833182928315,0.021647404705241756
251,27.58801713709387,22.572459218394485,12.277278610309452,unpartitioned,0.3681490027352612,0.0,0.5637374076877549,0.3600905358559602,0.025308538351245736
252,23.610865117331667,23.098296007480744,9.477890333873347,unpartitioned,0.37257827506143537,0.0,0.5633883992586817,0.36315051487239736,0.022636623140792553
253,20.063690585062528,25.897245044415573,11.02369627836896,unpartitioned,0.3760077243388953,0.0,0.5635034518000213,0.36630600272711056,0.02008429452534436
254,21.45712131449226,21.47633893169628,8.243851703877766,unpartitioned,0.37541056907371306,0.0,0.5628431424719955,0.36445132420243076,0.02096013676473516
255,2.278823442203173,14.108433273321657,10.037943214753017,unpartitioned,0.395767487798959,0.0,0.5606859040217278,0.37873262678555364,0.005891967371974718
256,17.038499703467462,21.80951095919269,9.477626223891463,unpartitioned,0.38016968362721126,0.0,0.5624438169295747,0.3678393886123169,0.01805402008050141
257,3.635308493473983,27.938462389147915,14.17845133022503,unpartitioned,0.39241890604202523,0.0,0.5632179484074968,0.38010196969880483,0.005166672537847707
258,16.998637922161507,19.180275380625474,8.825189490195385,unpartitioned,0.3807129965663977,0.0,0.5619857542837287,0.36741549320759026,0.017432808533095742
259,11.92956642466258,27.82368492417802,15.55578090986377,unpartitioned,0.38442360817559806,0.0,0.5632734434657478,0.373048100816037,0.014377545554816512
260,18.75,31.227230342609744,17.384650326530362,unpartitioned,0.36007439192216917,0.0,0.5644070889278616,0.35166899368976645,0.017542145195615724
261,8.2344356765268,6.5067964747455465,8.53792439496511,unpartitioned,0.3909682740582128,0.0,0.559887749839304,0.37282966211656676,0.007373621283097353
262,1.4583333333333333,3.275852589301635,15.925,unpartitioned,0.39733617721897363,0.0,0.5596701956119017,0.37842019561190166,0.0013652383399545746
263,14.52679357318574,17.829497720350968,10.795972460587706,unpartitioned,0.3834689090312039,0.0,0.5615499932667675,0.3690984559183226,0.01558038691016087
264,16.440759949995993,2.539001685026659,11.094403994711342,unpartitioned,0.3831015172633758,0.0,0.5604834433689512,0.3663913634118118,0.013773667086704059
265,14.9869247939897,26.29228078700109,11.952872980774941,unpartitioned,0.3814699055634778,0.0,0.5631514170406938,0.37030548150298837,0.016923878906087327
266,12.617404505487299,6.306158664471489,10.594891400132887,unpartitioned,0.386819274913091,0.0,0.5602066159235666,0.369391697776006,0.01157900374800094
267,12.429940415611862,8.832285904753846,8.719097146912723,unpartitioned,0.3868263809834429,0.0,0.5603320531344129,0.36967781849245995,0.012841882068912099
268,13.125,1.1680899723564477,15.331180887178375,unpartitioned,0.38644492827160715,0.0,0.5601980187003629,0.36894801870036287,0.01019274805905376
269,6.936395920455702,22.047360661458608,9.348289044782362,unpartitioned,0.39027453706384574,0.0,0.5619976511712754,0.37605216895374194,0.009352404465377906
270,3.336738946326219,5.850318523537948,14.304101771323824,unpartitioned,0.3955215656486627,0.0,0.5598338598176975,0.37697379786370366,0.003883498553012944
271,13.829718289315162,14.650646030241193,13.470796351222802,unpartitioned,0.3846001356179888,0.0,0.5610345757000106,0.3691805314520261,0.014629659317365894
272,21.216866453043895,10.018091383052477,12.9972775200647,unpartitioned,0.3776476784320234,0.0,0.561419369835109,0.36323348430392854,0.019871983248206698
273,35.21437716832144,20.800873926978152,10.953798762868303,unpartitioned,0.3598133197360164,0.0,0.5643356972378151,0.3541519453792539,0.03034777556437669
274,36.838893097195715,25.67603628376492,10.471983426956797,unpartitioned,0.3575468104573838,0.0,0.5653191771146067,0.35374298303129603,0.032168406886188466
275,72.48278381500104,8.003909332400948,10.632579149350477,unpartitioned,0.32794248940155857,0.0,0.5644563826804507,0.3223282822675927,0.035155766465443127
276,80.22615336008259,3.2973339944553497,14.389547939702055,unpartitioned,0.3224380297563173,0.0,0.5635363317494847,0.31477105744084244,0.029566137699153096
277,24.750273942984602,27.79646993607217,10.919123027404567,unpartitioned,0.3706185825758228,0.0,0.5644584757570315,0.3632439552344733,0.02332830316167821
278,28.419524199920115,1.7779146425488586,11.667564841726886,unpartitioned,0.37031103360417383,0.0,0.5617548124872306,0.35739522031587045,0.025954436593161632
279,28.833333333333332,34.413388396287466,50.65018140405738,unpartitioned,0.33169734447872523,0.0,0.566578629819936,0.32853101077231694,0.02537685866413587
280,19.32688739187439,22.951757904703282,8.712327472936153,unpartitioned,0.37744373584687274,0.0,0.5628413402193031,0.36627543674055363,0.019620026602774076
281,22.923272825386675,26.10511911766467,10.746732518421368,unpartitioned,0.37264455462210433,0.0,0.5639064884560208,0.3642579688914036,0.021926855465204412
282,29.036947335816205,52.20025132706734,99.74340266448235,unpartitioned,0.31540716553328046,0.0,0.56966510208165,0.31477629007952185,0.025879053339731662
283,19.05879429911274,47.051642529209694,52.251489493866586,unpartitioned,0.32337153269132135,0.0,0.5670903759730481,0.3207542665738087,0.016375425222186806
284,19.47546096577941,40.19887287181944,34.72371057426881,unpartitioned,0.32422558832413007,0.0,0.5663215966382881,0.3196283443819057,0.017910506804633592
285,14.25,31.227230342609744,25.286764111316884,unpartitioned,0.3647797055681603,0.0,0.564052785293521,0.3551718329125686,0.015083120679170605
286,25.450776703689716,6.189411474131954,11.031554558584396,unpartitioned,0.373368063069918,0.0,0.561676945826589,0.3598619943662835,0.023321100394789067
287,20.279481961224235,5.629358450144395,9.027369831157955,unpartitioned,0.37901587109796575,0.0,0.5609868958415044,0.3636044827318836,0.01910175606084153
288,28.208096100008856,8.159744180833261,13.431321493179311,unpartitioned,0.3702186298080793,0.0,0.5621715124635747,0.3579931443778528,0.025223154932043534
289,23.792524521616205,11.664537872001917,16.17953259592369,unpartitioned,0.37471716633488494,0.0,0.5619223324031478,0.3615287399560483,0.02186708149681165
290,15.658709964820025,10.46205972250934,14.673065911361093,unpartitioned,0.3833428116858093,0.0,0.5608147619509842,0.3673930105525671,0.016038399288903556
291,19.35742661666266,1.370911712670211,8.996608114398256,unpartitioned,0.3801187404069494,0.0,0.5606717891188607,0.3640797091617213,0.016589177071473723
292,17.59969275395754,6.643700723491132,8.80534105327839,unpartitioned,0.38177127147114687,0.0,0.560739346880258,0.36565389594829434,0.01686342308801954
293,5.828780572314724,19.355253544576424,10.311637170021868,unpartitioned,0.3917218900313494,0.0,0.5615060734292548,0.3765099757958422,0.008136711994468377
294,10.402118229528723,13.414034200653736,14.277183726207532,unpartitioned,0.38814147797126597,0.0,0.5607436598090941,0.3718275584694981,0.011541364033484955
295,2.4701534158998952,22.89835450770161,9.227220060180397,unpartitioned,0.3942721803229603,0.0,0.5622173328660702,0.3801000585095846,0.00576899312160343
296,21.181005946856917,2.8393625201797454,9.25272864844817,unpartitioned,0.3781908882654018,0.0,0.5609235722072644,0.36276842425281564,0.019290158470005814
297,5.049193006955523,10.577191533344047,9.431573883442493,unpartitioned,0.39355389097022087,0.0,0.5602128993470749,0.3758850196268273,0.006992607395010787
298,10.382415680974177,2.445144901606908,7.465625672310223,unpartitioned,0.38910658083016714,0.0,0.5598992581171909,0.37100004467635583,0.007876745571204198
299,9.364450756025702,23.364486800416262,10.53432191672374,unpartitioned,0.3877038640141234,0.0,0.5622625329618512,0.37423586088525784,0.012005378145751906
300,4.375,0.849185922634968,11.145565234583955,unpartitioned,0.39483375212565575,0.0,0.5596167182149622,0.3758667182149622,0.0030316421002597994
301,7.400249857120684,9.539156666830152,10.690198283893267,unpartitioned,0.39150929096232223,0.0,0.560092690378913,0.37374961907280957,0.008272616583791975
302,11.805300058578121,18.983709399902185,11.929577626067697,unpartitioned,0.3859706739174039,0.0,0.5615499115669147,0.37143108294527627,0.013579522729650965
303,7.46574901430751,2.1262408518854286,9.045900228687476,unpartitioned,0.3919116541541071,0.0,0.5597346696234297,0.37333545618259467,0.0052065266030130435
304,9.177252059484374,16.420055618488675,14.807101001450704,unpartitioned,0.3889484860382604,0.0,0.5610437862998474,0.3731775702488608,0.010838420361554121
305,6.427487960633729,4.700706786121742,11.864872062021186,unpartitioned,0.39277510443132635,0.0,0.5597759020565926,0.3742666266617637,0.005497459051294497
306,4.942368007182802,23.87225108679944,9.037978536725177,unpartitioned,0.39187484486305313,0.0,0.5623842462149105,0.3781479307801824,0.007292465012276711
307,1.3645992431419292,17.695122795548986,14.90142373510987,unpartitioned,0.3960370535423797,0.0,0.5614317433331003,0.38026208683897866,0.0036627423261888312
308,6.107523084756889,26.485692301579082,10.066892646250622,unpartitioned,0.39038261321146517,0.0,0.5627277606790685,0.377492740892134,0.007838090705869763
309,0.9686418268073164,25.51179572248125,10.5775687487359,unpartitioned,0.39513003246314315,0.0,0.5628836790415519,0.3820534146185742,0.0039251456964594575
310,10.731030063533915,5.10042051286568,8.0504961526463,unpartitioned,0.38870592819498295,0.0,0.5599849463771702,0.3707869206084269,0.00898584828428701
311,4.535386637104566,13.56451506132339,10.037943214753021,unpartitioned,0.39376684955883046,0.0,0.5605465361766431,0.37665906191626775,0.007088604977167775
312,9.709380154252363,10.658907945232642,11.580917160080787,unpartitioned,0.3892534370257723,0.0,0.5603034654493375,0.3719811396028355,0.010637073283465968
313,0.9142241990612435,10.973310477772666,9.98332825374878,unpartitioned,0.3973200847766425,0.0,0.5603949254815227,0.37961130473947025,0.0046213227453034645
314,2.792629812054129,8.694443078675649,10.098671298428311,unpartitioned,0.395809544852849,0.0,0.5600681334379709,0.3776744507419245,0.005170650975035343
315,71.2280171568795,4.367699892572252,15.685346378061666,unpartitioned,0.3305278559163264,0.0,0.5643691791732454,0.32331659303877724,0.03526236635714966
316,75.76002401255893,2.0877043028618183,13.700559487530683,unpartitioned,0.32662174633982255,0.0,0.5640566901427262,0.31911952670338994,0.03264159096439835
317,83.125,1.0913058215194318,14.323388907442563,unpartitioned,0.319741373065206,0.0,0.5628721294584227,0.3116221294584227,0.025821954864678816
318,85.3014817198946,6.078429304481649,14.591236926632604,unpartitioned,0.31722982095307234,0.0,0.5627801801233105,0.30966462436340086,0.024005631568906692
319,91.21614374353773,6.796008409962947,13.204177787758198,unpartitioned,0.31193994049731927,0.0,0.5615599841495793,0.3033747180836898,0.01529865677905132
320,104.86984089731591,6.836802111532069,12.94884753741863,unpartitioned,0.2999814541193376,0.0,0.5601303074536118,0.2902418723987696,0.004999231485557115
321,86.31040801579043,2.9182503970611484,13.30907927151037,unpartitioned,0.3164517251111857,0.0,0.5624421475051307,0.3084617977773103,0.022590224119316743
322,81.89710188263841,16.35125095414006,17.52053533516107,unpartitioned,0.32025505279519584,0.0,0.5642414548148776,0.31404393891547333,0.029126207701261782
323,85.73482631589788,12.397087638776815,9.47402905415214,unpartitioned,0.3169136739753065,0.0,0.5632895309227484,0.30980253693769305,0.024758617869283538
324,87.40842027823665,14.810025677636188,9.237579765954251,unpartitioned,0.31544947605891493,0.0,0.5631441215172054,0.30822261842157395,0.02341593758072754
325,86.87191861553765,9.070095723249688,12.031284053091383,unpartitioned,0.31572987723551954,0.0,0.5627442918222679,0.3082826472946642,0.022401322794105973
326,91.94086991258764,13.328899279809457,14.310651582309788,unpartitioned,0.3114700439831074,0.0,0.5619293230475824,0.30312286312250725,0.015684581684411114
327,98.34324071099077,8.377630969327972,12.056067737219735,unpartitioned,0.3057037924443696,0.0,0.5603898060830003,0.2960955997592939,0.006933022281614998
328,98.965809386903,25.937906476916385,11.753360941463143,unpartitioned,0.3038327080607133,0.0,0.5620701405493782,0.29724230393203277,0.008654073614754065
329,89.62667413834924,12.980043473161786,10.187577990196814,unpartitioned,0.31348288218497117,0.0,0.5625117602707961,0.3056888967236396,0.01966772122512929
330,94.66666666666667,27.54298570837375,9.462085749757534,unpartitioned,0.30728517362130336,0.0,0.5628047806573373,0.3016619235144802,0.012150523927853023
331,85.6559137087758,27.424464440265538,10.17321335840677,unpartitioned,0.31519332074162737,0.0,0.5647648117250594,0.3113454571175373,0.025599511302468063
332,82.98924704210913,26.06067679763869,12.152903442427373,unpartitioned,0.31766419257460493,0.0,0.5650159214024324,0.3138822810806246,0.027850712292055487
333,84.18435063624717,18.525217929742645,10.541929714606908,unpartitioned,0.3179750717271515,0.0,0.5641054412155355,0.31194742638446654,0.027003677033146878
334,89.98135160615944,27.10731322150299,12.07612067098205,unpartitioned,0.3114450539931763,0.0,0.5640036981471597,0.30687682534188016,0.01923588630577287
335,88.54517218358906,19.846046483795547,11.166293112923768,unpartitioned,0.31393745393795364,0.0,0.5634312592562956,0.3075353973846478,0.02240211839057054
336,84.20861529553899,21.382412545606,9.782363325879146,unpartitioned,0.3175054662669877,0.0,0.5643436534645419,0.3121648403540799,0.026795236758009704
337,87.63726531493523,25.41177766176853,14.09880212823623,unpartitioned,0.31377545778148563,0.0,0.5642271008947995,0.30910944491056935,0.022448280282835194
338,112.0,33.19269241616766,12.218077248502823,unpartitioned,0.2584711074355219,0.0,0.5628550205109599,0.25352168717762663,0.011195515438099076
339,100.29849110275927,47.61750616232151,119.86150817060297,storage_plain,0.25128858758461936,0.0,0.5639443194960919,0.24797418426515538,0.00932955965031752
340,116.71850867463127,7.131179823492317,10.734944560221834,unpartitioned,0.2895370762405678,0.0,0.5612056946740543,0.2811612586672275,0.011304432922717253
341,110.0,30.652531158261628,9.195186949569916,unpartitioned,0.2771559544209063,0.0,0.5625310214224059,0.27157864047002495,0.009665069307422202
342,83.39699673374461,33.476877094238375,17.229177106029738,unpartitioned,0.28265499223743196,0.0,0.5660447066640675,0.28122823327323876,0.028199732646991493
343,15.584550072923554,5.021794765882928,10.439283687543604,unpartitioned,0.3839107494792918,0.0,0.5604746745640832,0.36711648878729153,0.014106052946973448
344,7.7530026885822805,43.93225413292223,32.563263873273684,unpartitioned,0.3356539260682291,0.0,0.5658934621930268,0.3292480313170991,0.005902711646941747
345,17.861316735729446,9.557838439835185,9.362783375779564,unpartitioned,0.38122632015948654,0.0,0.5609331056054492,0.3656234055462525,0.017562142364306525
346,6.583832178123539,16.571443214024466,13.57577146926252,unpartitioned,0.3913506855694564,0.0,0.5610184460260712,0.37537516130196535,0.008630975311176568
347,2.866110832234508,19.93501491410268,10.462682825959718,unpartitioned,0.39437110162312694,0.0,0.5615760978197526,0.379119431392123,0.004878795856976837
348,96.88916615148406,3.3977763892279014,17.256803614973734,unpartitioned,0.30687390981651946,0.0,0.5604177697562878,0.29736991305501576,0.00826938908726703
349,72.84335734589227,2.0877043028618183,13.700559487530683,unpartitioned,0.3292303326058391,0.0,0.5643249008210264,0.3218877373816902,0.034578440274466896
350,89.23074782103005,9.23387110242363,12.031284053091468,unpartitioned,0.31366045735129183,0.0,0.5622592040200998,0.3057757058877883,0.01914977814033546
351,89.2270746824571,1.8269445755417164,11.989323776992507,unpartitioned,0.3137696877998895,0.0,0.5619225778897823,0.3054422281619619,0.019094683034639973
352,93.97249948481739,1.6451095478267883,10.796031407613299,unpartitioned,0.3094412230707149,0.0,0.5608830407153745,0.3003351840141025,0.011541360361708539
353,103.34275387254915,1.3175392900655118,8.646351591054923,unpartitioned,0.30123115232660574,0.0,0.5600190865515828,0.291439583232255,0.005561546901740981
354,101.88442053921581,3.0702061314666245,9.933050783083786,unpartitioned,0.3024864540989527,0.0,0.5600911843673976,0.29276168104806977,0.005866980224029011
355,91.32457416727449,3.4720541233685047,14.061286190542745,unpartitioned,0.31178189732146044,0.0,0.5614831990540474,0.30320499262495504,0.015286955747975235
356,101.64235070117938,13.290379130680941,16.903339521097564,unpartitioned,0.3027526389137806,0.0,0.5604885870736172,0.29336657218689194,0.006166121292833757
357,14.00300268858228,40.70615114219864,45.77875039535937,unpartitioned,0.32973948678260245,0.0,0.5656987435740959,0.32369616984102534,0.012709035829513129
358,25.45361400248287,46.73297305668814,101.85214672937991,unpartitioned,0.31753105405870297,0.0,0.5683779414773941,0.3165605580466945,0.021866294379443638
359,99.16666666666667,1.7526668414011126,11.501876146694826,unpartitioned,0.3049040992137158,0.0,0.5601648425492102,0.2951648425492102,0.006455210330138663
360,106.0,27.800380209656996,7.917718742058014,unpartitioned,0.29754943670201334,0.0,0.5620878142004915,0.2912306713433486,0.00791582904747943
361,102.66666666666667,30.61128255847332,8.947695350839922,unpartitioned,0.2833321452319951,0.0,0.562369769365609,0.2777031026989424,0.0076032420590371455
362,78.29638599751712,52.20025132706734,99.74340266448235,storage_plain,0.27355617315161135,0.0,0.5689692395466182,0.27185805154874637,0.03163871016258965
363,10.975460965779407,52.5189207995889,91.37832901079145,unpartitioned,0.33164041214389106,0.0,0.5667348980760645,0.3273273601053964,0.00941560033533492
364,2.6108750561362055,41.120000000000005,31.330500673634475,unpartitioned,0.340802519606359,0.0,0.5654093658315962,0.33317147292633653,0.0037528182894256816
365,117.20291864970748,4.723894697366952,10.41782602812276,unpartitioned,0.2891725272030718,0.0,0.5611902189430561,0.28073057438616394,0.01138424289241828
366,107.89727465750711,13.598672293722082,11.101672756364906,unpartitioned,0.2971177083974557,0.0,0.5607284263346568,0.2882450480567936,0.00654144845045421
367,137.23293907910679,48.25112469402623,55.783948165206766,unpartitioned,0.22026012399820455,0.0,0.5678053678566684,0.22017713436029113,0.036119118486626474
368,71.50341396228634,49.62289242773511,44.975504644144166,storage_plain,0.2802095507345517,0.0,0.5704551793804931,0.2791665388413905,0.038371402967195434
369,5.277541722802872,35.78666666666667,47.33050067363446,unpartitioned,0.35620422318855927,0.0,0.5644064130432739,0.3465494725189666,0.0054078528449420515
370,11.527541722802871,35.227230342609744,65.02904598557791,unpartitioned,0.3501022288276081,0.0,0.5647166274081187,0.3415025440266686,0.012517335353770736
371,106.25942053921581,2.2114930470684384,9.44653636933279,unpartitioned,0.29875486939017804,0.0,0.5600258426998568,0.28894633938052894,0.005256678526102982
372,112.35539035328618,2.634396234611322,11.678000890091226,unpartitioned,0.2934636097141888,0.0,0.5603460116494096,0.28404139134659284,0.006439654435487206
373,109.375,0.8939537570029268,11.733143060663423,unpartitioned,0.29606814993049696,0.0,0.560137473461405,0.286387473461405,0.0058534821764596595
374,107.2563656845313,4.754018044199269,11.414929238813215,unpartitioned,0.2979229722867151,0.0,0.5601051112992291,0.2881710835696309,0.005103046691799576
375,138.15792520788293,5.314561048217636,10.057728364959218,unpartitioned,0.2709847656997502,0.0,0.5653971501017255,0.2669760713521116,0.03641264201566549
376,108.08837599016681,10.85562469525771,15.08776139033256,unpartitioned,0.2970252881405601,0.0,0.5604771009526017,0.28782992153245873,0.0063388025920016085
377,110.435668831935,5.176921231742153,13.049006966580464,unpartitioned,0.29509638504639873,0.0,0.5602750466580002,0.2856159019449131,0.00596793899992897
378,110.42020103515655,9.912099488778203,8.824630950786116,unpartitioned,0.2950178408943614,0.0,0.560542820971599,0.2858969343700363,0.007368049305784151
379,115.27205701995285,2.5584356058192195,11.187088839389531,unpartitioned,0.29088149674656916,0.0,0.5607242654815132,0.2819196451786965,0.009039433010436143
380,113.31384591476485,10.59485274598356,9.986173730009341,unpartitioned,0.292418919657148,0.0,0.5609359585469642,0.2838098049057372,0.008563731305496357
381,114.77347998894489,12.655576230127567,14.276853488532765,unpartitioned,0.29105383265614676,0.0,0.5612975302907406,0.28292026172878787,0.011112515315547897
382,108.89044296204611,18.58182827843935,14.207240291081007,unpartitioned,0.2959219326613847,0.0,0.5612925705249301,0.2879579051288906,0.008519182171903101
383,118.125,0.8179931282108243,10.736159807767052,unpartitioned,0.2883801298244072,0.0,0.561392370861909,0.28014237086190896,0.012678565407325868
384,138.54166666666666,1.2133333333333334,7.962500000000006,unpartitioned,0.2707652806905135,0.0,0.5655256941350352,0.26677569413503516,0.03665844031270255
385,130.87686441955128,27.378639737615117,10.448161574309324,unpartitioned,0.27609418445227785,0.0,0.5652955649227105,0.273115395420238,0.029935578941430552
386,129.33061220637072,42.71229913644704,41.03880670151557,unpartitioned,0.22645836301148403,0.0,0.5664254489227243,0.22557063846012082,0.02845757981611885
387,111.30950809097864,7.273893779838386,8.821539091854845,unpartitioned,0.2942928532923897,0.0,0.5604416045920758,0.2850334547998084,0.006666840715665006
388,114.20315297058694,7.956647037043744,9.453091012553614,unpartitioned,0.2917190134435025,0.0,0.5608846367376915,0.28299621990575985,0.008311258172240888
389,124.0222455302403,22.72189122788615,16.002802101207635,unpartitioned,0.2822471433967122,0.0,0.563746504524395,0.27744172264133193,0.022939901164962938
390,137.83976417279615,36.332203865399116,43.55035427642997,unpartitioned,0.23609092312850177,0.0,0.5671944060835227,0.23571270345922124,0.03859747478213687
391,92.6480182728261,25.53029892987674,16.939503072072057,unpartitioned,0.30936375556137896,0.0,0.5630656392787456,0.30365305218775185,0.015630564843771903
392,104.48531615191443,14.857813854606333,14.20724029108112,unpartitioned,0.3001390863171453,0.0,0.5606478856440706,0.29108904322814394,0.006082402850433906
393,118.21148344058247,12.506685256182413,13.91278311892438,unpartitioned,0.28798085513203225,0.0,0.5619583126607333,0.2806341839973769,0.014924268223911746
394,110.1123635963985,27.49086248339026,9.774825099658301,unpartitioned,0.2940451590318987,0.0,0.5622204721577974,0.2878384462180272,0.010163764299180783
395,110.50258619520723,16.136240047646858,14.207240291081234,unpartitioned,0.2946660720066666,0.0,0.5611579839502735,0.2864414814972388,0.008674581666261935
396,104.9639086688302,17.74759876036837,14.207240291081575,unpartitioned,0.2995403573908611,0.0,0.5609318480019103,0.2909627834286273,0.007035242768791912
397,113.48854904910844,15.902317241294822,14.462706529727598,unpartitioned,0.2920216387199927,0.0,0.5614737326891257,0.28419783350417566,0.010728312803624494
398,114.52604496090787,27.374789764400408,10.471261413597631,unpartitioned,0.2902492421839792,0.0,0.5626730804542164,0.2845078990591525,0.01375668956675204
399,98.3119598106194,23.007092962467226,9.85938813828784,unpartitioned,0.3048083335951274,0.0,0.5617766231523555,0.2975092290289675,0.009050772264209464
400,93.9482312618814,10.66260858978663,8.611847740307667,unpartitioned,0.309657261842589,0.0,0.5612340509798665,0.30070699561253955,0.012540254617600608
401,119.26720507044678,9.620494558486978,12.139805630382227,unpartitioned,0.2871872196126855,0.0,0.5618815217630615,0.2796524888455357,0.015019953366706907
402,116.17624683510586,18.115212553238795,14.527842905551438,unpartitioned,0.2894681245546955,0.0,0.5621336228754787,0.2825539827311023,0.014272859643537427
403,126.23899363057103,27.487968839902212,9.792186960586832,unpartitioned,0.2799880151417779,0.0,0.5644260228432474,0.2762211711599008,0.025274058140109714
404,119.09967449912018,15.87295050033841,15.68886127605765,unpartitioned,0.28703369973872556,0.0,0.5623619817113694,0.28027654642640926,0.016514699661844337
405,117.458017082642,25.962323179095545,13.448629066934018,unpartitioned,0.2877718027837947,0.0,0.5629654725256279,0.28228717216907767,0.01661935949272073
406,107.33333333333333,32.14381371673495,13.669034624989536,unpartitioned,0.262617825018633,0.0,0.5626090445201913,0.25727571118685805,0.008278196044719485
407,109.86362941245551,21.373784832901077,14.05492002098049,unpartitioned,0.29480851012300185,0.0,0.5616698069867637,0.28750098177608757,0.009680578228703812
408,112.91073430906037,22.511004846627443,12.190051398956484,unpartitioned,0.29202509384270064,0.0,0.5620888446402255,0.28530821523245947,0.011982458997272582
409,115.91048512945672,21.0250191950627,14.070241142195528,unpartitioned,0.28947566478422293,0.0,0.56235916760835,0.2830073232116729,0.014538982674776667
410,118.57013149943684,22.847200010921068,12.597639454532327,unpartitioned,0.28695597039416104,0.0,0.5628886870036516,0.28125714571842003,0.017099368577330742
411,112.63840855730633,25.74565224779067,13.097099928755824,unpartitioned,0.2920065589090502,0.0,0.5623485745502377,0.28580136721540367,0.0121714945057057
412,114.0,31.660161257906037,15.240967547436185,unpartitioned,0.27357889407924224,0.0,0.5629303137048053,0.26854936132385293,0.013504226419593793
413,123.33333333333333,32.14381371673495,13.669034624989536,unpartitioned,0.24891335695965122,0.0,0.5644068008031414,0.2453591817555224,0.02299130788193637
414,128.66666666666666,30.652531158261628,9.195186949569916,unpartitioned,0.2612185962546599,0.0,0.5652974250049148,0.25834504405253383,0.02756583912817302
415,110.25558764841246,37.53730942349702,21.759375557903013,unpartitioned,0.24281856986641726,0.0,0.563086068198698,0.23858127878577307,0.009517411210285633
416,102.63601219499138,37.14957892851661,32.2704084747636,storage_plain,0.2490949144957319,0.0,0.562968984589585,0.24499525985102094,0.00881166570968361
417,125.65751470024124,48.940095271047916,50.967311728381446,unpartitioned,0.2293110009512373,0.0,0.5659008513213949,0.22819441014975955,0.023346434581587586
418,120.26530545506746,27.70753341469514,16.949599023658493,unpartitioned,0.2851645015555418,0.0,0.5635663341677626,0.28048178663484763,0.019806697122105116
419,118.92457562113445,38.320414393401045,37.46314670453694,unpartitioned,0.23513494644423477,0.0,0.5641299511004192,0.23219460056801827,0.018216298397047255
420,82.23628618560853,42.297486418036236,41.27089408307506,storage_plain,0.2683462399370729,0.0,0.5672879139171044,0.2667996686151543,0.029802601237774035
421,101.63247605356968,27.51492076854264,9.630475388744344,unpartitioned,0.30127541580588607,0.0,0.5620713590574643,0.2949578081544046,0.007886853840923996
422,100.38042454657891,32.80496192118724,19.556829317046322,unpartitioned,0.26853719753331545,0.0,0.5627053204713194,0.26333162324091847,0.008600264350938077
423,135.701074814237,15.357620846081149,17.68644421470833,unpartitioned,0.27248603432749496,0.0,0.5652716424512575,0.2689564354676258,0.034731084655257045
424,135.07270325190294,42.023328559425345,33.5365800164509,unpartitioned,0.22170085843715331,0.0,0.5672259968889031,0.22144939410155767,0.03504051280120003
425,121.56203298313075,21.23879921980946,13.847541778595541,unpartitioned,0.2844843078391836,0.0,0.5632183895589025,0.2790223612876475,0.020075796777539755
426,129.11585805012234,25.746608577517325,14.687206468369595,unpartitioned,0.2776277234172076,0.0,0.5648703717475358,0.27419963627600247,0.028510357243028233
427,121.87167368850398,15.861084348348578,13.73198765406039,unpartitioned,0.28455094546900145,0.0,0.5628561481275731,0.2783947135374269,0.019619429940707422
428,129.9976641009873,17.609509784639943,13.400882793072924,unpartitioned,0.27732180518247557,0.0,0.5643306017391807,0.2729040325097631,0.028912820086257486
429,127.29173803807821,16.43697713219107,12.302903739481394,unpartitioned,0.27977615296803215,0.0,0.5638080481777042,0.2747008441450658,0.026223123886939047
430,127.43100646059726,38.553705600682434,46.82088531420186,unpartitioned,0.2280961907761851,0.0,0.5657350331171622,0.226508456150936,0.025806327639067962
431,131.84316995843983,15.123510679941006,16.173266019627135,unpartitioned,0.2758982192626246,0.0,0.5645362237867882,0.27152779239383984,0.031114331903371786
432,123.83763241897185,26.07550225459735,13.600213581008347,unpartitioned,0.28218448486516123,0.0,0.5639860993176273,0.27783955724422293,0.023206774937595705
433,116.66666666666667,33.15144381637935,19.71481522285626,unpartitioned,0.25454508096273903,0.0,0.5634649687841748,0.25013163545084155,0.01584124403328101
434,129.36836175472357,22.817912238595202,11.16732884985936,unpartitioned,0.2775513955334084,0.0,0.5646851216989145,0.27379795448058003,0.028936282300046565
435,126.67611044644075,21.20566147426889,9.47670912386161,unpartitioned,0.28001757508874486,0.0,0.5640147745967024,0.275435251356896,0.025151285209484904
436,135.1730975061295,31.85220386539912,32.78644638478909,unpartitioned,0.2552728328333952,0.0,0.566325199578551,0.2537958779066305,0.03464506580500949
437,114.51349660288024,41.17374884225709,52.26990428920635,unpartitioned,0.23849456174485217,0.0,0.56393580409666,0.23578137843704838,0.014539846722073878
438,126.0,30.652531158261628,9.195186949569916,unpartitioned,0.2632842065753257,0.0,0.5646530008578494,0.2599863341911828,0.024962993236738645
439,130.5064308394628,33.384735023660745,28.082379473007904,unpartitioned,0.24259873334577792,0.0,0.5657518630132363,0.24055587467464917,0.03060183837618755
440,120.0,30.61128255847332,17.895390701679844,unpartitioned,0.26858251533877703,0.0,0.5637667031145396,0.2642428935907301,0.01986703667279827
441,126.0009226718105,18.170809604953348,8.368535204362274,unpartitioned,0.2807713117342563,0.0,0.5636854308719937,0.2756846400104419,0.024306847945608504
442,138.66666666666666,25.970912082529242,14.559999999999945,unpartitioned,0.2692744535479085,0.0,0.5663764054504122,0.26751926259326936,0.03919173662526547
443,131.39910004300242,20.955593021728536,10.502303852982095,unpartitioned,0.2759146169257233,0.0,0.564835094617955,0.2722072945810958,0.030684177576840638
444,124.42519574352379,12.584033511011128,10.834625897802198,unpartitioned,0.28251976254065975,0.0,0.5631564066013103,0.27650623882114705,0.0228004271205957
445,129.02742313891858,10.896190444411788,9.87905287636363,unpartitioned,0.2786303059552769,0.0,0.563905593415863,0.27331065929678994,0.027333771969552063
446,138.63287322567626,19.258129433884545,14.9290243756152,unpartitioned,0.26963480432420023,0.0,0.5659287292321116,0.2671005521815319,0.03816011263217593
447,136.0,28.39757874919591,8.669055009649128,unpartitioned,0.2714539547464348,0.0,0.5662046413831899,0.2696332128117614,0.03627434068143148
448,133.54353108621794,26.656218486811024,9.764830618311407,unpartitioned,0.27378428901568014,0.0,0.5656328551596854,0.27116697137149864,0.03342841873490524
449,133.77946956407746,21.302418794535203,8.368051148764152,unpartitioned,0.2738056089174716,0.0,0.565228473060345,0.2705603562911358,0.03314252914825432
450,134.8430709785609,24.07434792069557,9.242911038179273,unpartitioned,0.27273721614229496,0.0,0.5656511758869154,0.27007140076243463,0.034867449101852535
451,136.2359384778595,18.190445723586752,16.139907223267983,unpartitioned,0.2718512441311878,0.0,0.5654721913581686,0.2686985298057176,0.035593178101689764
452,137.29953989234295,23.389041516413787,11.415861317891768,unpartitioned,0.2706378431716807,0.0,0.5659430696823146,0.26825774977459205,0.037253124966278445
453,93.87623678768013,52.232889154992144,98.8866596814562,storage_plain,0.2574091787215792,0.0,0.5647578972169182,0.2542925513989066,0.013010927679843022
454,106.92225431507912,36.48843072406431,25.5088223935486,unpartitioned,0.2457384574850568,0.0,0.5629346864679663,0.2412870399121842,0.008379939374347105
455,96.61578169772564,16.13123851808812,16.652801432454908,unpartitioned,0.3070948758664873,0.0,0.5611412296916238,0.2983277025221447,0.009688487148435076
456,93.61943141015068,7.875890090678278,8.58510436667359,unpartitioned,0.30986761621643605,0.0,0.5611212060375971,0.3008759791146108,0.012427175396832996
457,96.6445285005541,6.304602645484948,12.652945254180935,unpartitioned,0.3071164035005754,0.0,0.5604879470114629,0.2976497797252737,0.008213345218580772
458,96.39454004753891,11.056792174861998,8.61184774030778,unpartitioned,0.307510891845058,0.0,0.5607429678670858,0.2981190763977667,0.00892361000709778
459,98.23496915700694,13.787755666037413,14.134197911152455,unpartitioned,0.3057526817893857,0.0,0.5607246562826673,0.29652325414808994,0.007805824115293746
460,92.76799123896383,16.066565716935532,11.639697704824016,unpartitioned,0.31066891000975094,0.0,0.5619417284135474,0.3024263073515784,0.014304791859624938
461,122.86053338400409,17.98438277570099,10.228771188228848,unpartitioned,0.2835339656316218,0.0,0.5632538774836803,0.27794484886881965,0.02054366160952928
462,124.10877499340143,9.991397492680663,11.506490153653488,unpartitioned,0.2829168945717898,0.0,0.5629368613215003,0.27655791132715624,0.02165782344287472
463,126.41732006999155,7.331835791364355,10.488211936937148,unpartitioned,0.28104242730329043,0.0,0.5633351919673486,0.274977489050213,0.023743341273940177
464,137.4222815792369,12.785304556378941,8.677891402321052,unpartitioned,0.27116949694224335,0.0,0.5654070195170151,0.2676164924490978,0.035723970122854797
465,93.32504250879886,21.885252986930592,17.499118296354027,unpartitioned,0.3093740747106007,0.0,0.5624370878563526,0.3024441942773822,0.014268210215563274
466,96.02317465968916,20.96712625097844,10.321670979337341,unpartitioned,0.3071491362807662,0.0,0.5618525022454646,0.29954692396573096,0.011026599286780263
467,90.75666133425905,38.0390996759677,58.06876323329652,storage_plain,0.259859911549509,0.0,0.5647608818528358,0.25696945785204234,0.017258379098298325
468,95.04709121324557,31.313679362713927,13.162076176283335,unpartitioned,0.28953868686793743,0.0,0.5631500445284456,0.2850144425361399,0.012507753806907745
469,102.4145624186671,6.046943955802352,7.975347638544207,unpartitioned,0.3021266799951106,0.0,0.5601331866508641,0.2923492760062923,0.00533895880948323
470,102.0350344554259,10.629327207584206,7.877054137928042,unpartitioned,0.30244774067724967,0.0,0.560312657807671,0.2928540568458774,0.005639000599594742
471,122.65589749254393,5.748091984178008,8.660145157676197,unpartitioned,0.284348940228156,0.0,0.5624724564945253,0.2773388300723448,0.018480526520505608
472,134.70188874796716,8.277035664281497,15.0578770988227,unpartitioned,0.2738475862172646,0.0,0.564921913250527,0.26946315146655514,0.03309755164872409
473,97.33333333333333,27.54298570837375,9.462085749757534,unpartitioned,0.30504593130620933,0.0,0.5624825697973023,0.29905399836873087,0.009565060973673847
474,131.54858188980918,6.207231175568244,11.956284305964402,unpartitioned,0.27674210424386403,0.0,0.5643183539818837,0.27156242664776153,0.029521269588751887
475,97.71375787991224,31.313679362713927,13.162076176283563,unpartitioned,0.287549914035882,0.0,0.5628669607957636,0.2824456445177436,0.009405788937903612
476,97.70229945156058,18.475263623370484,10.05386853556638,unpartitioned,0.3059098779808445,0.0,0.561207442199069,0.2974626140977314,0.008842073782979383
477,103.30988844564551,19.341106296240447,7.529676643919515,unpartitioned,0.30085301502679257,0.0,0.5611168312840199,0.29256549833060946,0.007615104295600211
478,100.51043213839223,19.292723031117244,8.004627031701943,unpartitioned,0.30332592661058694,0.0,0.5611201477763982,0.29496834880063344,0.00779099198767807
479,108.1123635963985,26.171242693047258,9.513519435705348,unpartitioned,0.29588500972854936,0.0,0.5619828278035355,0.289315087578051,0.009007813023222629
480,103.11763297637408,23.367714443000253,10.024033970143819,unpartitioned,0.3004970455530305,0.0,0.5615744988625353,0.2931879563113575,0.007846353578626125
481,105.33333333333333,30.61128255847332,8.947695350839922,unpartitioned,0.2812582901366983,0.0,0.5624188033651031,0.2754664224127222,0.00755278176121817
482,103.63247605356968,26.19530097819964,10.95656049450622,unpartitioned,0.2996917042729645,0.0,0.5618964539084866,0.29306861729114125,0.007858578188951923
483,107.59130366070148,23.288812443721298,9.964270881025186,unpartitioned,0.29660522506638126,0.0,0.561682457479483,0.2894613400560246,0.008926107792968468
484,126.70487080529158,12.973499465601265,8.211202633320795,unpartitioned,0.2805396396399918,0.0,0.5635224950537372,0.274918320077773,0.02492705211100478
485,126.69028258266269,2.70568078499415,7.952624548245808,unpartitioned,0.28096189493408,0.0,0.5633625833375322,0.2747709125523928,0.02285180248864626
486,121.76931742363752,1.9534784019182279,10.130082043932902,unpartitioned,0.28520385661801223,0.0,0.5622413970677405,0.27786769641890835,0.01671728670491612
487,131.4122237002414,3.2447565595043826,14.468109948957988,unpartitioned,0.27704233345859464,0.0,0.5643608472551118,0.27172179836919064,0.02912308845123206
488,128.8792984923585,1.5701955112867465,10.304408042819261,unpartitioned,0.2792020183623443,0.0,0.5638721609830637,0.27340419084675643,0.025710541244409666
489,137.48219722506607,7.741227714884303,12.344713020848303,unpartitioned,0.2714791947613112,0.0,0.5653205085222673,0.26747862518649645,0.0356686755115871
490,124.68598409030419,1.1354852737074033,7.451622108704839,unpartitioned,0.282668140827911,0.0,0.5629561130605042,0.27608241241167203,0.020052319584688574
491,125.64600102181446,5.152828403917022,8.148849532483496,unpartitioned,0.28175105503734305,0.0,0.5631736904575916,0.27547711815317927,0.022570074683067074
492,134.64197310213802,10.894445839109467,9.913274368078419,unpartitioned,0.2737674998548637,0.0,0.5649148415516762,0.2695074360355578,0.033103691284111884
493,139.32427201718315,10.92,7.378949572360057,unpartitioned,0.2695413763511007,0.0,0.5656434588075961,0.26622265422143915,0.036997665141134034
494,104.96409698710742,22.090363425131653,9.29720651952448,unpartitioned,0.2990164251076111,0.0,0.561434346087303,0.29146512009835385,0.008043453203247331
495,100.46378340009049,21.75652071889409,8.341005942168067,unpartitioned,0.3030870329745127,0.0,0.5614203748671823,0.29530856052424764,0.007861931132326002
496,120.78351238672549,4.11893749346596,12.579818109490162,unpartitioned,0.2860170065336773,0.0,0.5620629096738824,0.27853418477097486,0.016317061696400813
497,133.78292520788293,1.6745610482176359,10.98930687892829,unpartitioned,0.2751938945719096,0.0,0.5647364687274872,0.27006538997787327,0.030916625521556138
498,136.69959187454958,2.8878943815509692,13.084535243887444,unpartitioned,0.27245571977963834,0.0,0.5652004157106512,0.26802933696103726,0.034710308656027415
499,121.62400015134142,8.84236392307366,12.139805630382284,unpartitioned,0.2851515718804527,0.0,0.5623616867314637,0.2781125437445996,0.018054675246646334
500,131.4597962291577,11.873669006302658,12.995157905874521,unpartitioned,0.27645654119925517,0.0,0.5643943506863079,0.27171452534702994,0.03012630675075214
501,129.05629315374088,7.847162788505344,11.397820408865527,unpartitioned,0.27878059323057935,0.0,0.5638520881145288,0.2732324082684652,0.026884970113424403
502,111.51349660288024,47.59358758435106,113.0020595593528,unpartitioned,0.24067974255766855,0.0,0.5640733661239221,0.23849036903573906,0.01270667031386467
503,116.75790895446778,52.208970577021695,99.51452235318084,unpartitioned,0.23625079678318933,0.0,0.5645756024707507,0.23449739479549253,0.01642122651598169
504,131.39960574577347,52.73112469402623,85.8079767818117,unpartitioned,0.2248000751947029,0.0,0.5670232609417776,0.2243950274454003,0.031012796396716745
