time,dt_exchange,mode
0.11024999618530273,0.11024999618530273,strict_global_min_dt
0.2318006157875061,0.12155061960220337,strict_global_min_dt
0.36581017076969147,0.13400955498218536,strict_global_min_dt
0.5135556906461716,0.1477455198764801,strict_global_min_dt
0.6764451265335083,0.16288943588733673,strict_global_min_dt
0.849803960316841,0.17335883378333272,strict_global_min_dt
1.0231125973470865,0.17330863703024546,strict_global_min_dt
1.1963714972266473,0.17325889987956078,strict_global_min_dt
1.369581580780804,0.1732100835541568,strict_global_min_dt
1.5427441322435265,0.1731625514627224,strict_global_min_dt
1.7158609000628902,0.1731167678193637,strict_global_min_dt
1.8889346971908956,0.1730737971280054,strict_global_min_dt
2.0619674903506784,0.17303279315978282,strict_global_min_dt
2.234961667558446,0.17299417720776766,strict_global_min_dt
2.4079196721496787,0.17295800459123267,strict_global_min_dt
2.5808435923855777,0.17292392023589898,strict_global_min_dt
2.7537347125100853,0.17289112012450758,strict_global_min_dt
2.9265954891256394,0.1728607766155541,strict_global_min_dt
3.0994284150004385,0.17283292587479915,strict_global_min_dt
3.272235917715683,0.17280750271524425,strict_global_min_dt
3.4450202018466065,0.17278428413092373,strict_global_min_dt
3.617783569205169,0.17276336735856246,strict_global_min_dt
3.790528160637732,0.17274459143256315,strict_global_min_dt
3.963255897511375,0.17272773687364307,strict_global_min_dt
4.135968584767943,0.1727126872565674,strict_global_min_dt
4.308667858964496,0.17269927419655318,strict_global_min_dt
4.4813552182782725,0.17268735931377677,strict_global_min_dt
4.654032059768545,0.17267684149027218,strict_global_min_dt
4.826699815681108,0.17266775591256334,strict_global_min_dt
4.9993602542595434,0.17266043857843538,strict_global_min_dt
5.172014981003078,0.17265472674353433,strict_global_min_dt
5.344665136731198,0.17265015572812015,strict_global_min_dt
5.5173115615157124,0.17264642478451453,strict_global_min_dt
5.689954144517609,0.17264258300189628,strict_global_min_dt
5.862593124757428,0.17263898023981916,strict_global_min_dt
6.035229723935113,0.17263659917768504,strict_global_min_dt
6.207865019990871,0.17263529605575823,strict_global_min_dt
6.380499656740373,0.17263463674950152,strict_global_min_dt
6.553134656922299,0.17263500018192612,strict_global_min_dt
6.725771352228734,0.17263669530643533,strict_global_min_dt
6.898413379882589,0.17264202765385495,strict_global_min_dt
7.071063791919149,0.1726504120365595,strict_global_min_dt
7.243722075805042,0.17265828388589366,strict_global_min_dt
7.416387887612256,0.17266581180721374,strict_global_min_dt
7.589062263408406,0.17267437579615041,strict_global_min_dt
7.761743785842497,0.17268152243409052,strict_global_min_dt
7.934427119216883,0.17268333337438602,strict_global_min_dt
8.107114871960446,0.1726877527435633,strict_global_min_dt
8.27980979194497,0.17269491998452402,strict_global_min_dt
8.45251393864347,0.17270414669849998,strict_global_min_dt
8.625232850013626,0.17271891137015594,strict_global_min_dt
8.797973719979147,0.17274086996552107,strict_global_min_dt
8.970737425303302,0.17276370532415442,strict_global_min_dt
9.143524195900774,0.17278677059747238,strict_global_min_dt
9.316334275278548,0.17281007937777382,strict_global_min_dt
9.489159495790771,0.17282522051222315,strict_global_min_dt
9.661998254120583,0.17283875832981188,strict_global_min_dt
9.834852244331259,0.17285399021067605,strict_global_min_dt
10.007721723992077,0.17286947966081812,strict_global_min_dt
10.180607476490648,0.17288575249857097,strict_global_min_dt
10.353509566715532,0.17290209022488412,strict_global_min_dt
10.526430382616224,0.1729208159006923,strict_global_min_dt
10.699375335053714,0.17294495243748997,strict_global_min_dt
10.87234640653212,0.17297107147840585,strict_global_min_dt
11.045342883767576,0.17299647723545597,strict_global_min_dt
11.218364393180135,0.17302150941255867,strict_global_min_dt
11.391410234608845,0.17304584142870993,strict_global_min_dt
11.564480124502133,0.17306988989328786,strict_global_min_dt
11.737572822915972,0.17309269841383923,strict_global_min_dt
11.910688237749843,0.17311541483387138,strict_global_min_dt
12.083824075559045,0.17313583780920183,strict_global_min_dt
12.25697779396602,0.17315371840697402,strict_global_min_dt
12.430151455336294,0.17317366137027435,strict_global_min_dt
12.603344431151248,0.1731929758149544,strict_global_min_dt
12.776555133208205,0.17321070205695754,strict_global_min_dt
12.94978121644249,0.1732260832342849,strict_global_min_dt
13.12302184490758,0.17324062846508959,strict_global_min_dt
13.296276206499599,0.17325436159201857,strict_global_min_dt
13.469543518924317,0.17326731242471816,strict_global_min_dt
13.642822964930614,0.17327944600629763,strict_global_min_dt
13.816112247402225,0.17328928247161102,strict_global_min_dt
13.989409550664865,0.1732973032626397,strict_global_min_dt
14.162701737223248,0.17329218655838297,strict_global_min_dt
14.335981161250754,0.1732794240275055,strict_global_min_dt
14.509248882052153,0.17326772080139996,strict_global_min_dt
14.682505811220093,0.17325692916793933,strict_global_min_dt
14.855751273156931,0.17324546193683865,strict_global_min_dt
15.028984774253072,0.17323350109614033,strict_global_min_dt
15.202205818268201,0.17322104401512917,strict_global_min_dt
15.37541353427822,0.17320771601001894,strict_global_min_dt
15.548607335731578,0.17319380145335828,strict_global_min_dt
15.721786771125629,0.17317943539405078,strict_global_min_dt
15.894949612871715,0.17316284174608576,strict_global_min_dt
16.06809262886427,0.17314301599255622,strict_global_min_dt
16.241214177587633,0.17312154872336194,strict_global_min_dt
16.414312445816382,0.17309826822874896,strict_global_min_dt
16.587384031345234,0.17307158552885227,strict_global_min_dt
16.76042616155042,0.17304213020518588,strict_global_min_dt
16.933434186226695,0.17300802467627463,strict_global_min_dt
17.106405602494583,0.17297141626788815,strict_global_min_dt
17.279331179843076,0.17292557734849368,strict_global_min_dt
17.452175748061148,0.17284456821807126,strict_global_min_dt
17.624931187821637,0.1727554397604898,strict_global_min_dt
17.797589053675253,0.17265786585361553,strict_global_min_dt
17.97013910502585,0.17255005135059776,strict_global_min_dt
18.14257232582135,0.17243322079550083,strict_global_min_dt
18.31488073750523,0.17230841168387911,strict_global_min_dt
18.48705734276353,0.1721766052583007,strict_global_min_dt
18.65909440301208,0.1720370602485488,strict_global_min_dt
18.830985427102178,0.1718910240900975,strict_global_min_dt
19.002724270699115,0.17173884359693758,strict_global_min_dt
19.174305644681397,0.17158137398228135,strict_global_min_dt
19.345724320103937,0.1714186754225402,strict_global_min_dt
19.516976403351077,0.1712520832471398,strict_global_min_dt
19.688058160657814,0.17108175730673736,strict_global_min_dt
19.858967150475056,0.17090898981724223,strict_global_min_dt
20.029700689964535,0.1707335394894791,strict_global_min_dt
20.200256794178248,0.1705561042137127,strict_global_min_dt
20.37063329504448,0.17037650086623302,strict_global_min_dt
20.54082888273186,0.17019558768737753,strict_global_min_dt
20.71084265243939,0.17001376970753057,strict_global_min_dt
20.880674689942943,0.16983203750355358,strict_global_min_dt
21.050326290788536,0.16965160084559372,strict_global_min_dt
21.219801211608136,0.16947492081959936,strict_global_min_dt
21.389101644561222,0.1693004329530865,strict_global_min_dt
21.5582291637758,0.1691275192145767,strict_global_min_dt
21.72718477428736,0.16895561051155994,strict_global_min_dt
21.895969177656802,0.16878440336944323,strict_global_min_dt
22.064578774310892,0.1686095966540897,strict_global_min_dt
22.233006603793747,0.16842782948285517,strict_global_min_dt
22.401247976677617,0.16824137288386964,strict_global_min_dt
22.569299124097316,0.16805114741969973,strict_global_min_dt
22.737160271307275,0.16786114720995826,strict_global_min_dt
22.90483277650387,0.16767250519659527,strict_global_min_dt
23.072298176176304,0.1674653996724338,strict_global_min_dt
23.239550228169644,0.1672520519933407,strict_global_min_dt
23.40660525260277,0.16705502443312525,strict_global_min_dt
23.57348588557913,0.1668806329763619,strict_global_min_dt
23.740279675330395,0.1667937897512637,strict_global_min_dt
23.907013860956422,0.1667341856260265,strict_global_min_dt
24.073687912607898,0.16667405165147642,strict_global_min_dt
24.24029555936553,0.16660764675763318,strict_global_min_dt
24.406834861482853,0.1665393021173216,strict_global_min_dt
24.57330157573759,0.1664667142547387,strict_global_min_dt
24.739697365839728,0.16639579010213623,strict_global_min_dt
24.906026406344214,0.16632904050448616,strict_global_min_dt
25.07229047339125,0.16626406704703456,strict_global_min_dt
25.23849776125604,0.16620728786478978,strict_global_min_dt
25.404542355234632,0.16604459397859372,strict_global_min_dt
25.570426515345456,0.1658841601108243,strict_global_min_dt
25.736153723711276,0.16572720836581922,strict_global_min_dt
25.901721282146948,0.16556755843567217,strict_global_min_dt
26.06712848070415,0.16540719855720099,strict_global_min_dt
26.232375069365357,0.16524658866120845,strict_global_min_dt
26.39746054227296,0.16508547290760234,strict_global_min_dt
26.562410661277642,0.1649501190046827,strict_global_min_dt
26.727247069382898,0.16483640810525557,strict_global_min_dt
26.891972442935863,0.16472537355296524,strict_global_min_dt
27.056588125014336,0.1646156820784732,strict_global_min_dt
27.221083606920217,0.16449548190588104,strict_global_min_dt
27.3854637123025,0.16438010538228198,strict_global_min_dt
27.549735194638046,0.1642714823355469,strict_global_min_dt
27.71389815627492,0.1641629616368725,strict_global_min_dt
27.877953660375997,0.1640555041010785,strict_global_min_dt
28.041901897671917,0.16394823729591934,strict_global_min_dt
28.205743846897466,0.1638419492255494,strict_global_min_dt
28.369481181006744,0.16373733410927827,strict_global_min_dt
28.53311738124226,0.16363620023551562,strict_global_min_dt
28.696659502819813,0.163542121577553,strict_global_min_dt
28.86011608697615,0.1634565841563358,strict_global_min_dt
29.023493459331547,0.16337737235539862,strict_global_min_dt
29.18679891666425,0.1633054573327044,strict_global_min_dt
29.35003847885023,0.16323956218597857,strict_global_min_dt
29.513217907748118,0.1631794288978874,strict_global_min_dt
29.67634250501541,0.16312459726729145,strict_global_min_dt
29.839416900467,0.16307439545159141,strict_global_min_dt
30.002413552608132,0.1629966521411319,strict_global_min_dt
30.165331205971302,0.16291765336317,strict_global_min_dt
30.328173476541597,0.16284227057029454,strict_global_min_dt
30.490942970817564,0.16276949427596676,strict_global_min_dt
30.65364221677746,0.16269924595989593,strict_global_min_dt
30.816273102424223,0.1626308856467631,strict_global_min_dt
30.978837957400806,0.16256485497658346,strict_global_min_dt
31.14133883562282,0.1625008782220121,strict_global_min_dt
31.30377853544972,0.16243969982690132,strict_global_min_dt
31.466159985665747,0.1623814502160279,strict_global_min_dt
31.62848553355527,0.16232554788952314,strict_global_min_dt
31.79075706962301,0.16227153606773825,strict_global_min_dt
31.95297649188324,0.16221942226023245,strict_global_min_dt
32.115145293088155,0.1621688012049134,strict_global_min_dt
32.27726479004063,0.16211949695247796,strict_global_min_dt
32.439336348744284,0.16207155870365142,strict_global_min_dt
32.60136145505695,0.16202510631266875,strict_global_min_dt
32.76334152342652,0.1619800683695658,strict_global_min_dt
32.92527796090908,0.16193643748255937,strict_global_min_dt
33.087171883577476,0.16189392266839775,strict_global_min_dt
33.24902478792176,0.16185290434428623,strict_global_min_dt
33.41083766484287,0.16181287692111113,strict_global_min_dt
33.57261165269613,0.16177398785325892,strict_global_min_dt
33.734347547555465,0.16173589485933348,strict_global_min_dt
33.89604628649234,0.16169873893687736,strict_global_min_dt
34.057708532599754,0.16166224610741153,strict_global_min_dt
34.219335097481896,0.1616265648821411,strict_global_min_dt
34.38092661836806,0.16159152088616224,strict_global_min_dt
34.542483970248846,0.1615573518807878,strict_global_min_dt
34.70400782040332,0.1615238501544738,strict_global_min_dt
34.865499056505335,0.161491236102016,strict_global_min_dt
35.02695832092136,0.16145926441602398,strict_global_min_dt
35.18838643173889,0.16142811081753194,strict_global_min_dt
35.34978402886932,0.16139759713043134,strict_global_min_dt
35.51115204778881,0.1613680189194895,strict_global_min_dt
35.67249118577962,0.161339137990808,strict_global_min_dt
35.83380233563139,0.16131114985176964,strict_global_min_dt
35.99508613563524,0.16128380000385079,strict_global_min_dt
36.156343283080666,0.16125714744542563,strict_global_min_dt
36.31757436691731,0.16123108383664686,strict_global_min_dt
36.47878008279546,0.1612057158781468,strict_global_min_dt
36.63996098977242,0.1611809069769592,strict_global_min_dt
36.80111773262516,0.1611567428527394,strict_global_min_dt
36.96225082593875,0.1611330933135946,strict_global_min_dt
37.12336083061603,0.1611100046772762,strict_global_min_dt
37.28444818991246,0.16108735929643103,strict_global_min_dt
37.44551340705971,0.16106521714724664,strict_global_min_dt
37.60655686609254,0.16104345903283246,strict_global_min_dt
37.767578987201176,0.1610221211086369,strict_global_min_dt
37.928580079140744,0.1610010919395677,strict_global_min_dt
38.089560471957554,0.16098039281681054,strict_global_min_dt
38.250520354376,0.16095988241844594,strict_global_min_dt
38.411459966619276,0.16093961224327558,strict_global_min_dt
38.57237945896074,0.1609194923414634,strict_global_min_dt
38.73327900955271,0.1608995505919708,strict_global_min_dt
38.89415870891344,0.1608796993607271,strict_global_min_dt
39.055018674289975,0.16085996537653813,strict_global_min_dt
39.21576403491091,0.16074536062093614,strict_global_min_dt
39.376396601873445,0.16063256696253347,strict_global_min_dt
39.53692163234952,0.16052503047607303,strict_global_min_dt
39.69734954809514,0.16042791574562187,strict_global_min_dt
39.857682445080485,0.16033289698534503,strict_global_min_dt
40.017916273058404,0.16023382797791896,strict_global_min_dt
40.178047031497385,0.1601307584389815,strict_global_min_dt
40.33806393038518,0.1600168988877968,strict_global_min_dt
40.49795165460638,0.1598877242211998,strict_global_min_dt
40.65763848204658,0.15968682744019702,strict_global_min_dt
40.81710150877709,0.1594630267305135,strict_global_min_dt
40.97635203517375,0.15925052639665438,strict_global_min_dt
41.1354265761124,0.15907454093865425,strict_global_min_dt
41.29431773607524,0.15889115996284175,strict_global_min_dt
41.45302483116476,0.1587070950895182,strict_global_min_dt
41.61155932228266,0.15853449111789786,strict_global_min_dt
41.769931863067676,0.15837254078501672,strict_global_min_dt
41.928150876717325,0.1582190136496493,strict_global_min_dt
42.08621821172996,0.15806733501263182,strict_global_min_dt
42.24414346516888,0.1579252534389255,strict_global_min_dt
42.401944290785615,0.15780082561673225,strict_global_min_dt
42.55963630780165,0.15769201701603208,strict_global_min_dt
42.717226810063956,0.15759050226230897,strict_global_min_dt
42.874712886565774,0.15748607650181867,strict_global_min_dt
43.03211638738047,0.157403500814695,strict_global_min_dt
43.18946120836434,0.15734482098387303,strict_global_min_dt
43.346765853927565,0.15730464556322232,strict_global_min_dt
43.50404936464713,0.1572835107195658,strict_global_min_dt
43.66131962269009,0.15727025804295636,strict_global_min_dt
43.81858275956046,0.15726313687036964,strict_global_min_dt
43.97583673516472,0.15725397560426302,strict_global_min_dt
44.13308090646014,0.15724417129541735,strict_global_min_dt
44.29029764486233,0.15721673840219097,strict_global_min_dt
44.44750381179558,0.15720616693324985,strict_global_min_dt
44.604719898646636,0.15721608685105792,strict_global_min_dt
44.761954519440174,0.15723462079353823,strict_global_min_dt
44.91921449581137,0.1572599763711935,strict_global_min_dt
45.07650499187418,0.15729049606281365,strict_global_min_dt
45.233829507203296,0.1573245153291154,strict_global_min_dt
45.39119490304488,0.15736539584158038,strict_global_min_dt
45.54860470563436,0.15740980258948412,strict_global_min_dt
45.70605857810945,0.15745387247508802,strict_global_min_dt
45.86354597789285,0.15748739978339898,strict_global_min_dt
46.021066966454036,0.15752098856118835,strict_global_min_dt
46.17862357401985,0.1575566075658159,strict_global_min_dt
46.33621159379979,0.15758801977993642,strict_global_min_dt
46.493821299378034,0.1576097055782455,strict_global_min_dt
46.651450145654934,0.1576288462769,strict_global_min_dt
46.809094896969036,0.15764475131410194,strict_global_min_dt
46.96675904004612,0.15766414307708487,strict_global_min_dt
47.12443951643147,0.15768047638535165,strict_global_min_dt
47.282129854732034,0.15769033830056145,strict_global_min_dt
47.43982940715931,0.15769955242727463,strict_global_min_dt
47.597535601424546,0.1577061942652378,strict_global_min_dt
47.75524434310902,0.15770874168447335,strict_global_min_dt
47.91295064494836,0.1577063018393403,strict_global_min_dt
48.0706558813347,0.1577052363863416,strict_global_min_dt
48.22836088759361,0.15770500625890804,strict_global_min_dt
48.386063327542985,0.15770243994937516,strict_global_min_dt
48.54376029456081,0.1576969670178272,strict_global_min_dt
48.701449574561714,0.157689280000902,strict_global_min_dt
48.85912899695169,0.15767942238997534,strict_global_min_dt
49.016798070025374,0.15766907307368427,strict_global_min_dt
49.17445710155244,0.15765903152706784,strict_global_min_dt
49.332106543023954,0.15764944147151283,strict_global_min_dt
49.48974703012503,0.1576404871010766,strict_global_min_dt
49.64737844299312,0.157631412868092,strict_global_min_dt
49.804999643519245,0.1576212005261226,strict_global_min_dt
49.96260890884872,0.1576092653294765,strict_global_min_dt
50.12020599778451,0.1575970889357876,strict_global_min_dt
50.277791394069816,0.157585396285306,strict_global_min_dt
50.435366255548416,0.15757486147860078,strict_global_min_dt
50.592931712106285,0.1575654565578688,strict_global_min_dt
50.75048996494467,0.15755825283838476,strict_global_min_dt
50.90804215838966,0.15755219344499238,strict_global_min_dt
51.0655889104908,0.15754675210114044,strict_global_min_dt
51.22313029043144,0.1575413799406391,strict_global_min_dt
51.3806654397236,0.1575351492921584,strict_global_min_dt
51.53819325640293,0.1575278166793268,strict_global_min_dt
51.69571228318203,0.1575190267791058,strict_global_min_dt
51.85322174049126,0.1575094573092244,strict_global_min_dt
52.01072172968239,0.1574999891911304,strict_global_min_dt
52.168211479548454,0.15748974986606612,strict_global_min_dt
52.325689470260876,0.1574779907124224,strict_global_min_dt
52.48315500119925,0.15746553093837434,strict_global_min_dt
52.64060882390575,0.15745382270650055,strict_global_min_dt
52.79805102985934,0.15744220595358627,strict_global_min_dt
52.95548035506091,0.15742932520156927,strict_global_min_dt
53.112895614623106,0.1574152595621996,strict_global_min_dt
53.27029602388838,0.15740040926527143,strict_global_min_dt
53.427682188730024,0.1573861648416468,strict_global_min_dt
53.58505497765594,0.15737278892591888,strict_global_min_dt
53.742414241383905,0.15735926372796172,strict_global_min_dt
53.899759973080734,0.15734573169682875,strict_global_min_dt
54.05709441273765,0.15733443965691407,strict_global_min_dt
54.214417070531624,0.15732265779397636,strict_global_min_dt
54.371725969083606,0.1573088985519817,strict_global_min_dt
54.529020703418404,0.15729473433479768,strict_global_min_dt
54.686302268139706,0.15728156472130195,strict_global_min_dt
54.843572360090036,0.15727009195033048,strict_global_min_dt
55.00083270805067,0.15726034796063715,strict_global_min_dt
55.1580830073167,0.15725029926602474,strict_global_min_dt
55.31532291450329,0.1572399071865931,strict_global_min_dt
55.47255234086453,0.1572294263612406,strict_global_min_dt
55.629771239735874,0.1572188988713421,strict_global_min_dt
55.786979683880205,0.15720844414433088,strict_global_min_dt
55.94417753052565,0.15719784664544534,strict_global_min_dt
56.1013641965277,0.15718666600204756,strict_global_min_dt
56.25853927612616,0.1571750795984599,strict_global_min_dt
56.415702589658174,0.15716331353201696,strict_global_min_dt
56.572853511138575,0.157150921480401,strict_global_min_dt
56.729991083858,0.15713757271942796,strict_global_min_dt
56.887114046301576,0.15712296244357304,strict_global_min_dt
57.044220478908315,0.15710643260673862,strict_global_min_dt
57.20130885696007,0.15708837805175335,strict_global_min_dt
57.35837817884377,0.1570693218837036,strict_global_min_dt
57.5154273004742,0.15704912163042906,strict_global_min_dt
57.67245573568725,0.15702843521305,strict_global_min_dt
57.829462787720225,0.1570070520329736,strict_global_min_dt
57.986446813939985,0.15698402621976015,strict_global_min_dt
58.14340549206871,0.15695867812872422,strict_global_min_dt
58.3003384037852,0.15693291171648838,strict_global_min_dt
58.45724663001632,0.1569082262311241,strict_global_min_dt
58.61412968347143,0.1568830534551111,strict_global_min_dt
58.7709865850871,0.15685690161566868,strict_global_min_dt
58.92781650750559,0.15682992241848837,strict_global_min_dt
59.084618251937584,0.1568017444319949,strict_global_min_dt
59.241390325596676,0.1567720736590914,strict_global_min_dt
59.398131455618824,0.15674113002214796,strict_global_min_dt
59.554840826669604,0.15670937105078053,strict_global_min_dt
59.71151839279281,0.15667756612320716,strict_global_min_dt
59.86816489404227,0.15664650124946178,strict_global_min_dt
60.024781043222944,0.15661614918067102,strict_global_min_dt
60.18136792719489,0.1565868839719471,strict_global_min_dt
60.337926775025835,0.15655884783094365,strict_global_min_dt
60.494458079943314,0.15653130491747902,strict_global_min_dt
60.65096134222546,0.1565032622821434,strict_global_min_dt
60.80743608489342,0.15647474266796024,strict_global_min_dt
60.96388206281247,0.15644597791905568,strict_global_min_dt
61.120299737031964,0.15641767421949027,strict_global_min_dt
61.27668940433014,0.15638966729817838,strict_global_min_dt
61.43305037335439,0.15636096902424867,strict_global_min_dt
61.58938140654926,0.15633103319486708,strict_global_min_dt
61.74568156133758,0.15630015478831893,strict_global_min_dt
61.90195019889803,0.1562686375604514,strict_global_min_dt
62.058188292667246,0.15623809376921827,strict_global_min_dt
62.21439849089567,0.15621019822842186,strict_global_min_dt
62.370580490480144,0.15618199958447576,strict_global_min_dt
62.52673407019323,0.1561535797130844,strict_global_min_dt
62.682857955109135,0.15612388491590679,strict_global_min_dt
62.838951520908196,0.1560935657990612,strict_global_min_dt
62.99501374180224,0.15606222089404298,strict_global_min_dt
63.151043838904464,0.15603009710222437,strict_global_min_dt
63.307040982581825,0.15599714367736084,strict_global_min_dt
63.463003177719514,0.15596219513768972,strict_global_min_dt
63.61892830851925,0.15592513079973713,strict_global_min_dt
63.77481480232629,0.15588649380703856,strict_global_min_dt
63.930661412431405,0.15584661010511525,strict_global_min_dt
64.08646756907021,0.15580615663880337,strict_global_min_dt
64.24223367486937,0.1557661057991595,strict_global_min_dt
64.39796013747798,0.15572646260861234,strict_global_min_dt
64.55364764755508,0.1556875100771009,strict_global_min_dt
64.70929631096692,0.15564866341183858,strict_global_min_dt
64.86490477921953,0.1556084682526091,strict_global_min_dt
65.02047322041787,0.15556844119834068,strict_global_min_dt
65.17600094865365,0.1555277282357821,strict_global_min_dt
65.33148677919758,0.15548583054392395,strict_global_min_dt
65.48692979896403,0.15544301976645158,strict_global_min_dt
65.6423290831992,0.15539928423517324,strict_global_min_dt
65.79768423312396,0.15535514992475896,strict_global_min_dt
65.95299462048426,0.15531038736030212,strict_global_min_dt
66.10825982975595,0.15526520927168974,strict_global_min_dt
66.26347937880567,0.15521954904971835,strict_global_min_dt
66.4186525135557,0.15517313475002936,strict_global_min_dt
66.57377854574304,0.15512603218734,strict_global_min_dt
66.72885661173731,0.15507806599427454,strict_global_min_dt
66.8838858638756,0.15502925213829144,strict_global_min_dt
67.03886544186447,0.1549795779888683,strict_global_min_dt
67.19379478971909,0.15492934785461898,strict_global_min_dt
67.34867374359455,0.15487895387545336,strict_global_min_dt
67.50350219045059,0.1548284468560439,strict_global_min_dt
67.65827980039458,0.15477760994399148,strict_global_min_dt
67.81300588236303,0.15472608196844817,strict_global_min_dt
67.96767946305789,0.1546735806948618,strict_global_min_dt
68.12229941115429,0.15461994809639634,strict_global_min_dt
68.27686481000578,0.15456539885148857,strict_global_min_dt
68.43137467628459,0.1545098662788149,strict_global_min_dt
68.58582792661578,0.15445325033118706,strict_global_min_dt
68.740223684551,0.15439575793521954,strict_global_min_dt
68.89456118215371,0.15433749760271098,strict_global_min_dt
69.04883976202017,0.15427857986645677,strict_global_min_dt
69.20305877323027,0.1542190112101025,strict_global_min_dt
69.35721764643844,0.1541588732081749,strict_global_min_dt
69.51130574539722,0.1540880989587805,strict_global_min_dt
69.66532102331453,0.15401527791730985,strict_global_min_dt
69.81926334537891,0.1539423220643812,strict_global_min_dt
69.97313429887451,0.15387095349559843,strict_global_min_dt
70.12693498853223,0.15380068965771443,strict_global_min_dt
70.28066512969998,0.15373014116775607,strict_global_min_dt
70.43432444956052,0.15365931986053738,strict_global_min_dt
70.58791288608411,0.15358843652359155,strict_global_min_dt
70.74143051186937,0.15351762578525552,strict_global_min_dt
70.89487741520256,0.15344690333319022,strict_global_min_dt
71.0482537708277,0.15337635562514151,strict_global_min_dt
71.2015603531999,0.15330658237219552,strict_global_min_dt
71.35479750066605,0.15323714746615735,strict_global_min_dt
71.50796505666636,0.1531675560003123,strict_global_min_dt
71.6610621963689,0.15309713970253824,strict_global_min_dt
71.81408696882593,0.15302477245703017,strict_global_min_dt
71.96703912427918,0.15295215545324936,strict_global_min_dt
72.11991838308647,0.15287925880728892,strict_global_min_dt
72.27272451688754,0.15280613380106445,strict_global_min_dt
72.42545737447051,0.1527328575829756,strict_global_min_dt
72.5781167788574,0.1526594043868954,strict_global_min_dt
72.73070256034502,0.15258578148761615,strict_global_min_dt
72.88321463069973,0.15251207035470316,strict_global_min_dt
73.03565290541934,0.15243827471961424,strict_global_min_dt
73.18801733667352,0.15236443125418475,strict_global_min_dt
73.34030790288541,0.15229056621188874,strict_global_min_dt
73.49252595829378,0.15221805540836897,strict_global_min_dt
73.64467181424443,0.1521458559506499,strict_global_min_dt
73.79674548923145,0.1520736749870224,strict_global_min_dt
73.94874697473921,0.1520014855077534,strict_global_min_dt
74.10067694427421,0.15192996953500426,strict_global_min_dt
74.25253705627847,0.15186011200425753,strict_global_min_dt
74.40432837778712,0.1517913215086537,strict_global_min_dt
74.55605148159171,0.15172310380458498,strict_global_min_dt
74.70770656823879,0.15165508664708227,strict_global_min_dt
74.85929370956076,0.1515871413219685,strict_global_min_dt
75.01081253783778,0.15151882827701968,strict_global_min_dt
75.16226268356841,0.1514501457306352,strict_global_min_dt
75.31364402532395,0.1513813417555383,strict_global_min_dt
75.46495691277075,0.1513128874467924,strict_global_min_dt
75.61620159481316,0.15124468204241737,strict_global_min_dt
75.76737830003133,0.1511767052181625,strict_global_min_dt
75.91848730435284,0.15110900432151197,strict_global_min_dt
76.06952891812504,0.15104161377220748,strict_global_min_dt
76.22050356747044,0.15097464934540028,strict_global_min_dt
76.37141161256078,0.15090804509033262,strict_global_min_dt
76.52225335213157,0.15084173957079372,strict_global_min_dt
76.67302908680784,0.15077573467627303,strict_global_min_dt
76.8237391432032,0.15071005639535429,strict_global_min_dt
76.97438384584625,0.1506447026430493,strict_global_min_dt
77.1249634342689,0.15057958842265862,strict_global_min_dt
77.27547815970412,0.15051472543521527,strict_global_min_dt
77.42592830862245,0.1504501489183241,strict_global_min_dt
77.57631365006121,0.15038534143876348,strict_global_min_dt
77.72662868969113,0.15031503962991621,strict_global_min_dt
77.87687395010907,0.15024526041794672,strict_global_min_dt
78.02704999560346,0.15017604549439056,strict_global_min_dt
78.17715740404186,0.15010740843840154,strict_global_min_dt
78.32719671909916,0.15003931505729895,strict_global_min_dt
78.47716856277707,0.1499718436779034,strict_global_min_dt
78.6270717621785,0.14990319940143593,strict_global_min_dt
78.77690643491081,0.149834672732311,strict_global_min_dt
78.92667388643271,0.14976745152189608,strict_global_min_dt
79.07637531631774,0.14970142988502744,strict_global_min_dt
79.22601191443083,0.1496365981130907,strict_global_min_dt
79.3755847801018,0.14957286567097583,strict_global_min_dt
79.52509469886847,0.1495099187666682,strict_global_min_dt
79.67454257839917,0.1494478795306975,strict_global_min_dt
79.82392945327472,0.14938687487554603,strict_global_min_dt
79.97325638601296,0.14932693273824782,strict_global_min_dt
80.12252441124807,0.1492680252351022,strict_global_min_dt
80.27173459322276,0.14921018197469493,strict_global_min_dt
80.42088796714394,0.14915337392118033,strict_global_min_dt
80.56998547358886,0.14909750644491737,strict_global_min_dt
80.7190280426723,0.14904256908344848,strict_global_min_dt
80.86801686152117,0.1489888188488635,strict_global_min_dt
81.01695295227668,0.1489360907555124,strict_global_min_dt
81.16583728965897,0.14888433738228457,strict_global_min_dt
81.31467076797614,0.1488334783171723,strict_global_min_dt
81.46345420340444,0.14878343542829953,strict_global_min_dt
81.61218835419417,0.1487341507897355,strict_global_min_dt
81.760873828563,0.14868547436883262,strict_global_min_dt
81.90951138562339,0.14863755706038262,strict_global_min_dt
82.05810176284298,0.14859037721959112,strict_global_min_dt
82.20664492854903,0.14854316570604453,strict_global_min_dt
82.35514019754876,0.14849526899973853,strict_global_min_dt
82.50358835214004,0.14844815459127858,strict_global_min_dt
82.65199033182563,0.14840197968558755,strict_global_min_dt
82.80034709148734,0.14835675966170925,strict_global_min_dt
82.94865951690129,0.1483124254139483,strict_global_min_dt
83.09692839892237,0.14826888202108535,strict_global_min_dt
83.24515446168769,0.14822606276531758,strict_global_min_dt
83.39333839761662,0.14818393592892676,strict_global_min_dt
83.54148085727341,0.14814245965679618,strict_global_min_dt
83.6895824874927,0.14810163021928702,strict_global_min_dt
83.83764401811574,0.14806153062303906,strict_global_min_dt
83.98566628019636,0.14802226208061597,strict_global_min_dt
84.1336501491915,0.1479838689951407,strict_global_min_dt
84.28159650254678,0.14794635335528028,strict_global_min_dt
84.42950618263774,0.14790968009096161,strict_global_min_dt
84.57737995409767,0.14787377145992764,strict_global_min_dt
84.72521848691368,0.14783853281601012,strict_global_min_dt
84.87302236532845,0.14780387841477705,strict_global_min_dt
85.02079212548284,0.14776976015438947,strict_global_min_dt
85.1685280883648,0.1477359628819528,strict_global_min_dt
85.31622899664808,0.14770090828328364,strict_global_min_dt
85.46389567119684,0.14766667454875915,strict_global_min_dt
85.61152925757001,0.1476335863731748,strict_global_min_dt
85.75913077326446,0.14760151569444702,strict_global_min_dt
85.90670099108232,0.14757021781785795,strict_global_min_dt
86.05424077959876,0.14753978851643978,strict_global_min_dt
86.20175100785845,0.14751022825969073,strict_global_min_dt
86.34923252457871,0.1474815167202621,strict_global_min_dt
86.4966861757623,0.14745365118359643,strict_global_min_dt
86.64411276456458,0.14742658880227566,strict_global_min_dt
86.79151304621581,0.14740028165122965,strict_global_min_dt
86.93888785743162,0.14737481121581197,strict_global_min_dt
87.08623797312757,0.14735011569594292,strict_global_min_dt
87.23356411949584,0.1473261463682718,strict_global_min_dt
87.38086701646482,0.1473028969689807,strict_global_min_dt
87.52814735166842,0.14728033520360384,strict_global_min_dt
87.67540578856185,0.14725843689342355,strict_global_min_dt
87.82264294430729,0.14723715574544372,strict_global_min_dt
87.96985945112462,0.14721650681732967,strict_global_min_dt
88.11705597497775,0.14719652385312543,strict_global_min_dt
88.2642332009838,0.14717722600605043,strict_global_min_dt
88.41139180171156,0.14715860072776366,strict_global_min_dt
88.55853241819439,0.1471406164828295,strict_global_min_dt
88.70565564986086,0.14712323166646968,strict_global_min_dt
88.85276204902796,0.14710639916710022,strict_global_min_dt
88.99985221310637,0.14709016407840636,strict_global_min_dt
89.14692676750236,0.14707455439599926,strict_global_min_dt
89.2939863181517,0.14705955064933107,strict_global_min_dt
89.44103145516533,0.14704513701363453,strict_global_min_dt
89.58806273883344,0.14703128366811313,strict_global_min_dt
89.73508069484544,0.14701795601199308,strict_global_min_dt
89.88208582515124,0.14700513030579998,strict_global_min_dt
90.02907861536305,0.14699279021181155,strict_global_min_dt
90.17605953257107,0.14698091720802609,strict_global_min_dt
90.32302903875834,0.14696950618726135,strict_global_min_dt
90.46998759846558,0.1469585597072438,strict_global_min_dt
90.6169356380382,0.14694803957262081,strict_global_min_dt
90.76387357011232,0.14693793207412398,strict_global_min_dt
90.9108017938838,0.14692822377148218,strict_global_min_dt
91.05772066296379,0.14691886907998253,strict_global_min_dt
91.2046304783544,0.14690981539061454,strict_global_min_dt
91.35153149287164,0.14690101451724047,strict_global_min_dt
91.498423970302,0.14689247743035594,strict_global_min_dt
91.64530839874313,0.14688442844112615,strict_global_min_dt
91.79218542762537,0.14687702888224408,strict_global_min_dt
91.93905583057133,0.14687040294596443,strict_global_min_dt
92.0859204427601,0.14686461218876445,strict_global_min_dt
92.23278032440841,0.14685988164831087,strict_global_min_dt
92.37963624270053,0.1468559182921183,strict_global_min_dt
92.52648873738036,0.14685249467983397,strict_global_min_dt
92.67333825441223,0.14684951703186755,strict_global_min_dt
92.82018523333932,0.14684697892708698,strict_global_min_dt
92.96703017730114,0.14684494396182401,strict_global_min_dt
93.11387366106672,0.1468434837655792,strict_global_min_dt
93.26071627216278,0.14684261109606211,strict_global_min_dt
93.40755859626486,0.14684232410208153,strict_global_min_dt
93.55440121317737,0.1468426169125081,strict_global_min_dt
93.70124504273448,0.14684382955711328,strict_global_min_dt
93.84809090295049,0.1468458602160041,strict_global_min_dt
93.99493959320277,0.1468486902522841,strict_global_min_dt
94.14179099997021,0.14685140676743913,strict_global_min_dt
94.28864628547396,0.14685528550374727,strict_global_min_dt
94.43550668680683,0.14686040133287293,strict_global_min_dt
94.58237312252149,0.14686643571465652,strict_global_min_dt
94.72924643620573,0.14687331368423884,strict_global_min_dt
94.87612760598353,0.14688116977779941,strict_global_min_dt
95.02301671972906,0.14688911374553015,strict_global_min_dt
95.16991410759906,0.1468973878699984,strict_global_min_dt
95.3168205739176,0.14690646631854065,strict_global_min_dt
95.4637370124762,0.14691643855860548,strict_global_min_dt
95.61066418710574,0.14692717462953908,strict_global_min_dt
95.75760275957605,0.1469385724703045,strict_global_min_dt
95.90455321795851,0.146950458382463,strict_global_min_dt
96.05151612935308,0.14696291139456719,strict_global_min_dt
96.19849217078017,0.14697604142709508,strict_global_min_dt
96.34548249891981,0.14699032813963697,strict_global_min_dt
96.49248737647456,0.14700487755474967,strict_global_min_dt
96.63950716196828,0.1470197854937254,strict_global_min_dt
96.7865422564288,0.1470350944605201,strict_global_min_dt
96.93359339547082,0.14705113904201994,strict_global_min_dt
97.08066080947997,0.14706741400914325,strict_global_min_dt
97.22774461231641,0.14708380283644829,strict_global_min_dt
97.37484508489113,0.1471004725747207,strict_global_min_dt
97.52196273269844,0.14711764780730618,strict_global_min_dt
97.6690978531788,0.14713512048035682,strict_global_min_dt
97.8162501378388,0.1471522846599953,strict_global_min_dt
97.96342009087888,0.14716995304009117,strict_global_min_dt
98.11060822796298,0.1471881370841004,strict_global_min_dt
98.25781505196133,0.14720682399834573,strict_global_min_dt
98.40504103702433,0.14722598506300244,strict_global_min_dt
98.55228703344419,0.14724599641985492,strict_global_min_dt
98.69955396983255,0.14726693638836252,strict_global_min_dt
98.84684242748024,0.14728845764769005,strict_global_min_dt
98.99415301440709,0.1473105869268494,strict_global_min_dt
99.14148627816708,0.14733326375998956,strict_global_min_dt
99.28884269341995,0.14735641525287235,strict_global_min_dt
99.43622267353287,0.1473799801129161,strict_global_min_dt
99.58362657089305,0.1474038973601779,strict_global_min_dt
99.7310547791436,0.14742820825055958,strict_global_min_dt
99.87850775420284,0.14745297505923816,strict_global_min_dt
100.0,0.12149224579715678,strict_global_min_dt
