time,one_d_volume,two_d_volume,system_volume,system_volume_change,system_mass_error,current_exchange_volume,cumulative_exchange_volume,exchange_count
0.11024999618530273,809.370361328125,620.3154997334966,1429.6858610616216,-0.23016357421875,-0.23016357421875,0.7195522590741319,0.7195522590741319,1
0.2318006157875061,809.1097412109375,620.3154997334966,1429.425240944434,-0.49078369140625,-0.49078369140625,0.7968745272836427,1.5164267863577745,2
0.36581017076969147,808.8145751953125,622.5737783419929,1431.3883535373054,1.4723289014650618,1.4723289014650618,0.8826814523283828,2.399108238686157,3
0.5086636049883011,808.49072265625,625.2495891802228,1433.7403118364728,3.824287200632398,3.824287200632398,0.9455237984553609,3.344632037141518,4
0.6508794665498724,808.1586303710938,627.9259719680874,1436.0846023391812,6.168577703340816,6.168577703340816,0.9458968177476721,4.290528854889191,5
0.7924361683277538,807.819091796875,630.6029460708293,1438.4220378677041,8.506013231863903,8.50601323186379,0.9457589316005547,5.236287786489745,6
0.9333364955074921,807.472412109375,633.2805089899318,1440.7529210993068,10.836896463466474,10.836896463466474,0.945312325702678,6.181600112192423,7
1.0736326025072365,807.1188354492188,635.9586139390406,1443.0774493882593,13.161424752418952,13.161424752418952,0.9448864887539028,7.1264866009463255,8
1.2133702879519446,806.7587280273438,638.6372198334153,1445.395947860759,15.479923224918707,15.479923224918593,0.9444795611519538,8.07096616209828,9
1.3525953434561526,806.3924560546875,641.3162855946052,1447.7087416492927,17.792717013452375,17.792717013452375,0.9441073700267029,9.015073532124983,10
1.49134793424044,806.02001953125,643.995775191449,1450.015794722699,20.099770086858598,20.099770086858598,0.9437599356808297,9.958833467805814,11
1.629666121453764,805.641845703125,646.6756544802925,1452.3175001834175,22.401475547577093,22.401475547577093,0.9434414021395525,10.902274869945366,12
1.7675841410405562,805.25830078125,649.3558927489717,1454.6141935302217,24.698168894381297,24.698168894381297,0.9431394923060006,11.845414362251367,13
1.9051337480960684,804.869384765625,652.0364615108275,1456.9058462764524,26.98982164061215,26.989821640612035,0.9428530763618734,12.78826743861324,14
2.042344856612442,804.4752197265625,654.7173339308056,1459.192553657368,29.276529021527722,29.276529021527722,0.94256189802721,13.730829336640449,15
2.1792452435567538,804.0762939453125,657.3984850909203,1461.4747790362328,31.558754400392445,31.558754400392445,0.9422910098953398,14.67312034653579,16
2.315863798615893,803.6727294921875,660.0798890749948,1463.7526185671823,33.836593931341895,33.836593931341895,0.9420493202792641,15.615169666815053,17
2.4522239473140797,803.2645874023438,662.7615248686083,1466.0261122709521,36.110087635111654,36.11008763511177,0.9418110622527575,16.55698072906781,18
2.5883489935323105,802.85205078125,665.4433715664632,1468.2954223477132,38.3793977118728,38.3793977118728,0.9415796329289964,17.498560361996805,19
2.7242606393859594,802.435546875,668.1254097001632,1470.5609565751633,40.64493193932287,40.64493193932299,0.9413702351882985,18.439930597185104,20
2.8599800307163616,802.0149536132812,670.8076203003316,1472.8225739136128,42.906549277772456,42.906549277772456,0.9411704693537595,19.381101066538864,21
2.9955247190275838,801.5906372070312,673.489987621976,1475.0806248290073,45.16460019316685,45.16460019316696,0.9409686844267805,20.322069750965646,22
3.1309134615368888,801.16259765625,676.1724948384912,1477.3350924947413,47.4190678589008,47.41906785890092,0.9407774663424864,21.26284721730813,23
3.2661632089707195,800.73095703125,678.8551267438269,1479.586083775077,49.670059139236514,49.67005913923663,0.9405957391973512,22.203442956505484,24
3.4012903485511283,800.2960815429688,681.537868637438,1481.8339501804066,51.9179255445664,51.91792554456629,0.9404195332627148,23.1438624897682,25
3.5363097079303305,799.8577880859375,684.2207072178282,1484.0784953037657,54.16247066792539,54.16247066792539,0.940249506197713,24.084111995965912,26
3.6712361364246897,799.41650390625,686.9036291640672,1486.3201330703173,56.404108434476825,56.40410843447694,0.9400943075299054,25.024206303495816,27
3.80608291548028,798.9722290039062,689.5866225617194,1488.5588515656257,58.642826929785315,58.642826929785315,0.939942585482468,25.964148888978283,28
3.940862171551299,798.52490234375,692.2696765324622,1490.7945788762122,60.87855424037184,60.87855424037184,0.9397883615822821,26.903937250560563,29
4.075586099957588,798.0748901367188,694.9527801361957,1493.0276702729143,63.11164563707405,63.111645637073934,0.9396487892223984,27.843586039782963,30
4.21026661933589,797.6221923828125,697.6359226810246,1495.258115063837,65.34209042799671,65.34209042799671,0.9395179484028621,28.783103988185825,31
4.34491336859844,797.1669921875,700.3190955201346,1497.4860877076346,67.57006307179427,67.57006307179427,0.9393705975804258,29.72247458576625,32
4.479536540269157,796.709228515625,703.002289510081,1499.711518025706,69.79549338986567,69.79549338986567,0.939228445403386,30.661703031169637,33
4.614147612588402,796.2492065429688,705.6854943540371,1501.9347008970058,72.01867626116552,72.01867626116541,0.9391126509410244,31.60081568211066,34
4.74875562124932,795.7869262695312,708.3687019463202,1504.1556282158515,74.23960358001113,74.23960358001113,0.9389898954249893,32.53980557753565,35
4.883367934153903,795.3223876953125,711.0519056773799,1506.3742933726924,76.458268736852,76.458268736852,0.9388602956548463,33.4786658731905,36
5.017994155040911,794.85595703125,713.7350969319548,1508.5910539632048,78.67502932736443,78.67502932736443,0.938748641229725,34.41741451442022,37
5.152642279058319,794.3873901367188,716.4182685378086,1510.8056586745274,80.88963403868695,80.88963403868706,0.9386419679012296,35.35605648232145,38
5.287319041882272,793.9169921875,719.1014144525433,1513.0184066400434,83.10238200420292,83.10238200420304,0.9385343286239866,36.29459081094544,39
5.4220314199809065,793.4447021484375,721.7845284177533,1515.2292305661908,85.31320593035048,85.31320593035048,0.9384299271235459,37.23302073806898,40
5.5567860023318785,792.9706420898438,724.4676045226405,1517.4382466124844,87.52222197664389,87.522221976644,0.9383258103791281,38.171346548448106,41
5.691589032502061,792.4950561523438,727.1506371662653,1519.6456933186091,89.72966868276865,89.72966868276876,0.9382231504577899,39.109569698905894,42
5.826446790079917,792.0178833007812,729.8336207153743,1521.8515040161556,91.9354793803152,91.9354793803152,0.9381184820383259,40.04768818094422,43
5.9613650639509315,791.5391845703125,732.5165499769109,1524.0557345472234,94.13970991138308,94.13970991138308,0.938025879245898,40.98571406019012,44
6.096350155502253,791.0588989257812,735.1994192980669,1526.2583182238482,96.3422935880078,96.3422935880078,0.9379367040807856,41.9236507642709,45
6.231405958983871,790.5773315429688,737.8822251854131,1528.4595567283818,98.54353209254145,98.54353209254145,0.9378465818039515,42.861497346074856,46
6.366538048088352,790.0943603515625,740.5649626389365,1530.659322990499,100.74329835465869,100.74329835465869,0.9377595138384955,43.79925685991335,47
6.501750294178406,789.6101684570312,743.24762818574,1532.8577966427713,102.94177200693093,102.94177200693093,0.9376767164933087,44.736933576406656,48
6.637047625745453,789.124755859375,745.9302174046034,1535.0549732639784,105.138948628138,105.138948628138,0.9375960314998294,45.674529607906486,49
6.772433172289144,788.63818359375,748.6127274881351,1537.250911081885,107.33488644604472,107.33488644604472,0.9375149339845785,46.612044541891066,50
6.907911373380674,788.1505737304688,751.2951544537127,1539.4457281841815,109.5297035483411,109.5297035483411,0.9374342417421986,47.54947878363326,51
7.043485294219451,787.6619262695312,753.9774955516268,1541.639421821158,111.72339718531771,111.72339718531771,0.9373547618385245,48.48683354547179,52
7.179159142135339,787.1722412109375,756.6597470075924,1543.83198821853,113.91596358268953,113.91596358268953,0.9372756038262926,49.42410914929808,53
7.314935696110757,786.6815795898438,759.3419063286578,1546.0234859185016,116.10746128266123,116.10746128266123,0.9371966768477064,50.36130582614579,54
7.450818952510776,786.190185546875,762.023969929789,1548.214155476664,118.29813084082366,118.29813084082366,0.9371284925978258,51.29843431874362,55
7.586811551983079,785.6978149414062,764.7059354421305,1550.4037503835366,120.48772574769635,120.48772574769623,0.9370631162395675,52.23549743498319,56
7.722915841253452,785.2047729492188,767.3878007604965,1552.5925737097152,122.67654907387487,122.67654907387487,0.9369900831830299,53.172487518166214,57
7.859133967606218,784.7109375,770.0695639586146,1554.7805014586147,124.86447682277424,124.86447682277435,0.9369215308207608,54.109409048986976,58
7.995469251890502,784.21630859375,772.7512220574387,1556.9675306511886,127.05150601534831,127.0515060153482,0.936854135995366,55.046263184982344,59
8.13192313620837,783.72119140625,775.4327737632973,1559.1539651695473,129.23794053370693,129.23794053370693,0.9367846543362186,55.983047839318566,60
8.268498648478621,783.225341796875,778.1142163599236,1561.3395581567986,131.42353352095824,131.42353352095824,0.9367294940108662,56.919777333329435,61
8.405197469007764,782.7288818359375,780.7955483399594,1563.524430175897,133.60840554005654,133.60840554005654,0.9366720917170864,57.85644942504652,62
8.542020506277685,782.23193359375,783.4767688884294,1565.7087024821794,135.79267784633907,135.79267784633907,0.9366104583234751,58.79305988336999,63
8.6789696876492,781.7344970703125,786.1578762763489,1567.8923733466613,137.97634871082107,137.97634871082096,0.9365481415540775,59.72960802492407,64
8.816046480262512,781.236572265625,788.8388691875851,1570.0754414532103,140.1594168173698,140.1594168173699,0.9364916086650644,60.666099633589134,65
8.95325283195241,780.7380981445312,791.5197458747868,1572.257844019318,142.34181938347774,142.34181938347774,0.9364457798023539,61.60254541339149,66
9.090589343127263,780.2393188476562,794.2005057993435,1574.4398246469998,144.52380001115944,144.52380001115944,0.9363887646845733,62.53893417807606,67
9.228056381666375,779.740234375,796.8811486312403,1576.6213830062402,146.70535837039995,146.70535837039984,0.9363234608815584,63.47525763895762,68
9.36565609542069,779.2406616210938,799.5616724436966,1578.8023340647903,148.88630942894997,148.88630942894997,0.9362746907873357,64.41153232974496,69
9.503390006647912,778.7408447265625,802.2420758711352,1580.9829205976976,151.0668959618573,151.0668959618572,0.9362262689316645,65.34775859867662,70
9.641257851894903,778.2407836914062,804.9223591498929,1583.1631428412993,153.24711820545883,153.24711820545895,0.936169824396127,66.28392842307275,71
9.779261041935424,777.7404174804688,807.602521014402,1585.3429384948709,155.42691385903038,155.4269138590305,0.9361298749799399,67.22005829805269,72
9.917400457686483,777.23974609375,810.2825606744148,1587.5223067681648,157.6062821323244,157.6062821323244,0.936086881398628,68.15614517945131,73
10.055675125461176,776.7389526367188,812.9624790034001,1589.7014316401187,159.78540700427845,159.78540700427834,0.9360302855466078,69.09217546499792,74
10.194086318300263,776.2379150390625,815.6422748593469,1591.8801898984093,161.96416526256905,161.96416526256894,0.935981535875308,70.02815700087324,75
10.33263502800726,775.73681640625,818.3219473525342,1594.0587637587842,164.1427391229438,164.1427391229438,0.935944021512325,70.96410102238556,76
10.471321366524142,775.2355346679688,821.0014963825415,1596.2370310505103,166.3210064146699,166.3210064146699,0.9359012086089424,71.9000022309945,77
10.610144692673344,774.7340698242188,823.6809225245528,1598.4149923487716,168.49896771293118,168.4989677129313,0.935851249693209,72.83585348068772,78
10.749105863786712,774.232666015625,826.3602250094782,1600.5928910251032,170.67686638926284,170.67686638926284,0.9358067098325944,73.77166019052031,79
10.888205280760257,773.7311401367188,829.0394034776841,1602.7705436144029,172.8545189785625,172.8545189785625,0.9357638896555409,74.70742408017585,80
11.02744299594861,773.2295532226562,831.7184578822048,1604.948011104861,175.0319864690207,175.0319864690207,0.9357209863609735,75.64314506653683,81
11.166819148774838,772.7279052734375,834.3973880979677,1607.1252933714052,177.20926873556482,177.20926873556482,0.9356800358824792,76.57882510241932,82
11.306333801030187,772.226318359375,837.0761940695411,1609.302512428916,179.38648779307573,179.38648779307573,0.9356407618794571,77.51446586429877,83
11.445986807584726,771.7247314453125,839.7548759271176,1611.47960737243,181.56358273658975,181.56358273658975,0.9356024289300596,78.45006829322882,84
11.585777987597387,771.2232055664062,842.4334338329247,1613.656639399331,183.7406147634906,183.7406147634906,0.9355659834128738,79.3856342766417,85
11.725707066529246,770.7217407226562,845.1118680332443,1615.8336087559005,185.91758412006016,185.91758412006016,0.935530916344402,80.3211651929861,86
11.865773599953048,770.2203369140625,847.7901789267601,1618.0105158408226,188.0944912049822,188.0944912049822,0.9354859376111316,81.25665113059723,87
12.005977125867132,769.7189331054688,850.4683669279217,1620.1873000333903,190.27127539755008,190.27127539754997,0.9354434403590968,82.19209457095633,88
12.146318636836908,769.2177124023438,853.146431146325,1622.3641435486688,192.44811891282836,192.44811891282848,0.9354138049718767,83.1275083759282,89
12.286797335365828,768.7166137695312,855.8243722973831,1624.5409860669142,194.62496143107398,194.62496143107387,0.9353738203755446,84.06288219630375,90
12.427412324592705,768.215576171875,858.5021911856462,1626.717767357521,196.80174272168085,196.80174272168074,0.9353363115288501,84.99821850783259,91
12.568164324822005,767.7147216796875,861.1798871649486,1628.894608844636,198.97858420879572,198.9785842087956,0.9353129861986282,85.93353149403121,92
12.709052120981406,767.2140502929688,863.8574613252994,1631.0715116182682,201.15548698242776,201.15548698242787,0.9352755446581168,86.86880703868933,93
12.850074358671456,766.713623046875,866.5349148816947,1633.2485379285697,203.33251329272935,203.33251329272935,0.9352404563076459,87.80404749499696,94
12.991231904343664,766.2132568359375,869.2122470568636,1635.425503892801,205.50947925696073,205.50947925696073,0.9352122873392573,88.73925978233622,95
13.132523121479597,765.7130737304688,871.8894593188841,1637.6025330493528,207.68650841351246,207.68650841351246,0.9351781977492872,89.6744379800855,96
13.27394783792834,765.2131958007812,874.5665518221876,1639.779747622969,209.86372298712854,209.86372298712854,0.9351460887506772,90.60958406883617,97
13.415505340059523,764.7135620117188,877.2435252069537,1641.9570872186723,212.04106258283207,212.04106258283196,0.9351079574244352,91.5446920262606,98
13.557195174592279,764.2141723632812,879.9203798798084,1644.1345522430897,214.21852760724926,214.21852760724937,0.935078338282076,92.47977036454269,99
13.699017528279107,763.7149658203125,882.5971156732209,1646.3120814935332,216.396056857693,216.39605685769288,0.9350509975397637,93.41482136208245,100
13.84097073310468,763.2159423828125,885.273734083524,1648.4896764663365,218.57365183049615,218.57365183049615,0.9350160873088033,94.34983744939126,101
13.983054634001183,762.7174072265625,887.9502352498248,1650.6676424763873,220.75161784054694,220.75161784054694,0.9349862538722112,95.28482370326347,102
14.125268731038203,762.218994140625,890.626619620598,1652.845613761223,222.92958912538268,222.92958912538256,0.9349543067870225,96.21977801005049,103
14.267612136594373,761.7208862304688,893.302887992105,1655.0237742225736,225.10774958673335,225.10774958673323,0.9349296049916688,97.15470761504216,104
14.410084677108854,761.22314453125,895.9790405200428,1657.2021850512929,227.2861604154524,227.2861604154525,0.9349078206131104,98.08961543565526,105
14.552684446892759,760.7256469726562,898.6550789139546,1659.380725886611,229.46470125077053,229.46470125077053,0.9348757146867632,99.02449115034203,106
14.695410850838137,760.228515625,901.3310037076963,1661.5595193326963,231.6434946968559,231.6434946968559,0.9348481166100958,99.95933926695213,107
14.838263567371154,759.731689453125,904.0068151897431,1663.738504642868,233.8224800070277,233.8224800070277,0.9348229840639277,100.89416225101606,108
14.981241367674551,759.2352294921875,906.6825144624346,1665.917743954622,236.00171931878174,236.00171931878162,0.9347934089272169,101.82895565994328,109
15.124343581111177,758.7391357421875,909.3581021273818,1668.0972378695692,238.18121323372895,238.18121323372884,0.9347669088265416,102.76372256876982,110
15.267569678937358,758.2433471679688,912.0335786589067,1670.2769258268754,240.36090119103505,240.36090119103505,0.9347423027563307,103.69846487152616,111
15.410918567775784,757.7479248046875,914.7089450378494,1672.456869842537,242.54084520669653,242.54084520669653,0.9347161281071099,104.63318099963327,112
15.55438946177439,757.2529296875,917.3842019691767,1674.6371316566767,244.72110702083637,244.72110702083637,0.9346989758990847,105.56787997553235,113
15.697981542354647,756.7582397460938,920.0593501872142,1676.817589933308,246.90156529746764,246.90156529746764,0.9346809688480932,106.50256094438045,114
15.841692732028138,756.2639770507812,922.734391555622,1678.9983686064033,249.08234397056287,249.082343970563,0.9346569139351686,107.43721785831562,115
15.985522368940053,755.7700805664062,925.4093266681325,1681.1794072345388,251.2633825986984,251.2633825986984,0.9346311803267243,108.37184903864234,116
16.129469351725483,755.2766723632812,928.0841565127512,1683.3608288760324,253.44480424019207,253.44480424019207,0.9346059638469878,109.30645500248933,117
16.273533291638977,754.7836303710938,930.7588814382115,1685.5425118093053,255.62648717346485,255.62648717346497,0.9345875868813334,110.24104258937066,118
16.41771305758833,754.291015625,933.4335024591861,1687.724518084186,257.80849344834576,257.80849344834564,0.9345689112496272,111.17561150062029,119
16.562007268195124,753.7987670898438,936.1080208148736,1689.9067879047175,259.990763268877,259.9907632688771,0.9345512228847229,112.11016272350501,120
16.706414882651746,753.3070678710938,938.7824374389548,1692.0895053100485,262.17348067420824,262.1734806742081,0.9345285578272909,113.0446912813323,121
16.85093443168374,752.8157348632812,941.4567536494772,1694.2724885127584,264.35646387691804,264.35646387691804,0.9345066703298842,113.97919795166219,122
16.995565651512585,752.324951171875,944.1309696830695,1696.4559208549445,266.5398962191041,266.5398962191041,0.9344858825755584,114.91368383423774,123
17.140307020945297,751.83447265625,946.8050869043539,1698.6395595606039,268.7235349247635,268.7235349247635,0.9344728090829196,115.84815664332066,124
17.28515812249697,751.3444213867188,949.4791056878453,1700.823527074564,270.90750243872367,270.90750243872367,0.9344605679424494,116.78261721126312,125
17.43011635897035,750.8549194335938,952.1530283634205,1703.0079477970144,273.0919231611739,273.091923161174,0.9344406453416279,117.71705785660474,126
17.57518120374828,750.3658447265625,954.8268554034944,1705.192700130057,275.27667549421653,275.27667549421653,0.9344250638031762,118.65148292040791,127
17.720351309747173,749.8772583007812,957.5005880164998,1707.3778463172812,277.4618216814407,277.4618216814408,0.9344113015394483,119.58589422194736,128
17.865625527616654,749.3890991210938,960.1742272334889,1709.5633263545826,279.64730171874226,279.64730171874226,0.9343942836645,120.52028850561186,129
18.01100229741432,748.9014282226562,962.8477744538446,1711.7492026765008,281.8331780406605,281.8331780406604,0.9343835949961612,121.45467210060802,130
18.15648100099181,748.414306640625,965.5212302320919,1713.935536872717,284.0195122368765,284.0195122368766,0.9343804059763028,122.38905250658432,131
18.302059205554556,747.9275512695312,968.1945967506265,1716.1221480201577,286.2061233843174,286.2061233843174,0.9343733824066147,123.32342588899094,132
18.447735201834128,747.44140625,970.8678755427879,1718.309281792788,288.3932571569476,288.3932571569476,0.9343646736066733,124.25779056259762,133
18.59350723199423,746.9556274414062,973.5410681854853,1720.4966956268916,290.5806709910512,290.5806709910512,0.9343514831311714,125.19214204572879,134
18.739373910466906,746.4703979492188,976.2141759216748,1722.6845738708935,292.76854923505323,292.7685492350531,0.9343372557461558,126.12647930147494,135
18.8853342225093,745.9856567382812,978.8871996616556,1724.8728563999368,294.9568317640965,294.9568317640965,0.9343323447892666,127.06081164626421,136
19.03138699688526,745.5014038085938,981.5601404561127,1727.0615442647063,297.14551962886605,297.14551962886594,0.9343350650017225,127.99514671126593,137
19.177529873054237,745.0176391601562,984.2330004226247,1729.2506395827809,299.33461494694063,299.3346149469405,0.9343286288685205,128.92947534013445,138
19.32376059023404,744.5343627929688,986.9057815892802,1731.440144382249,301.5241197464086,301.5241197464086,0.9343280840197946,129.86380342415424,139
19.47007825679013,744.0515747070312,989.5784847559406,1733.630059462972,303.7140348271315,303.7140348271316,0.9343322177060229,130.79813564186026,140
19.61647983154204,743.5692749023438,992.2511126507691,1735.8203875531128,305.90436291727246,305.90436291727246,0.9343229120172502,131.7324585538775,141
19.76296375991837,743.08740234375,994.9236666683305,1738.0110690120805,308.09504437624014,308.09504437624014,0.9343272830767136,132.66678583695423,142
19.90952914418309,742.6060791015625,997.5961476139605,1740.202226715523,310.28620207968265,310.28620207968265,0.9343346127309873,133.60112044968523,143
20.056172452340487,742.125244140625,1000.268558656119,1742.393802796744,312.47777816090365,312.47777816090365,0.934326398996209,134.53544684868143,144
20.202892380298962,741.6448364257812,1002.9409009646724,1744.5857373904537,314.66971275461333,314.66971275461333,0.9343270376345366,135.46977388631598,145
20.34968788071082,741.1649169921875,1005.6131754791688,1746.7780924713563,316.862067835516,316.862067835516,0.9343302831491941,136.40410416946517,146
20.496556380838964,740.6856079101562,1008.2853845075427,1748.970992417699,319.05496778185864,319.05496778185875,0.9343346816571246,137.3384388511223,147
20.643496487203763,740.2066040039062,1010.9575292998481,1751.1641333037544,321.24810866791404,321.24810866791404,0.9343447028356923,138.272783553958,148
20.790505568902653,739.7281494140625,1013.6296122161984,1753.357761630261,323.4417369944206,323.4417369944206,0.9343578764360186,139.20714143039402,149
20.93758144952023,739.2501220703125,1016.3016352089986,1755.551757279311,325.63573264347076,325.63573264347065,0.9343721474886321,140.14151357788265,150
21.08472114227527,738.772705078125,1018.9736009576111,1757.746306035736,327.83028139989574,327.83028139989574,0.9343812976227095,141.07589487550536,151
21.23192240219601,738.295654296875,1021.6455114759412,1759.9411657728162,330.0251411369759,330.0251411369759,0.9343972226904573,142.0102920981958,152
21.379183145509362,737.8190307617188,1024.3173686332868,1762.1363993950056,332.2203747591652,332.2203747591652,0.9344089455258532,142.94470104372166,153
21.526500210015314,737.343017578125,1026.989175266374,1764.332192844499,334.41616820865875,334.41616820865875,0.9344147112114136,143.87911575493308,154
21.673872236159237,736.8673706054688,1029.6609325948243,1766.528303200293,336.6122785644527,336.6122785644527,0.9344302679641588,144.81354602289724,155
21.82129710083552,736.3921508789062,1032.3326425232187,1768.724793402125,338.80876876628463,338.80876876628463,0.9344537173269429,145.74799974022417,156
21.96877203282682,735.9174194335938,1035.0043075375438,1770.9217269711376,341.0057023352972,341.0057023352972,0.9344743267254849,146.68247406694965,157
22.116293817331947,735.4431762695312,1037.675930521713,1773.1191067912443,343.203082155404,343.203082155404,0.934492326404995,147.61696639335466,158
22.26386023580755,734.9693603515625,1040.3475134659234,1775.3168738174859,345.4008491816455,345.4008491816455,0.934516168114369,148.55148256146902,159
22.411468612928292,734.4959716796875,1043.0190587701381,1777.5150304498256,347.5990058139853,347.5990058139853,0.9345388464501527,149.48602140791917,160
22.559115951572576,734.0230712890625,1045.6905691229967,1779.7136404120592,349.7976157762189,349.7976157762189,0.9345607037455929,150.42058211166477,161
22.706799873673464,733.550537109375,1048.3620466578002,1781.9125837671752,351.99655913133483,351.99655913133483,0.9345873253961692,151.35516943706094,162
22.854517643361834,733.0785522460938,1051.0334938288245,1784.1120460749182,354.19602143907787,354.19602143907787,0.9346142037300524,152.289783640791,163
23.00226627403051,732.6068725585938,1053.7049133152764,1786.3117858738701,356.39576123802976,356.39576123802976,0.9346413667020995,153.2244250074931,164
23.15004311705266,732.135498046875,1056.3763074931692,1788.5118055400442,358.5957809042038,358.5957809042038,0.9346721351643383,154.15909714265743,165
23.297845280977437,731.6647338867188,1059.0476789563472,1790.712412843066,360.7963882072256,360.7963882072256,0.9347038368283326,155.09380097948576,166
23.44566969645461,731.1943359375,1061.719030458244,1792.913366395744,362.99734175990375,362.99734175990375,0.9347363328823811,156.02853731236814,167
23.59351346560094,730.7241821289062,1064.390364598474,1795.1145467273802,365.19852209153987,365.19852209153987,0.9347717025738105,156.96330901494196,168
23.74137354227737,730.2544555664062,1067.0616841096482,1797.3161396760545,367.40011504021413,367.40011504021413,0.9348083478390852,157.89811736278105,169
23.88924673074933,729.78515625,1069.732991858576,1799.518148108576,369.6021234727357,369.6021234727357,0.9348367699793807,158.83295413276042,170
24.037129935191516,729.3162841796875,1072.4042906224408,1801.7205748021283,371.804550166288,371.804550166288,0.9348679274824611,159.76782206024288,171
24.18502134921307,728.8477783203125,1075.0755820217084,1803.923360342021,374.0073357061806,374.0073357061806,0.9349099914378963,160.70273205168078,172
24.33291761040235,728.3794555664062,1077.7468690727094,1806.1263246391156,376.2103000032753,376.2103000032753,0.9349475742791143,161.6376796259599,173
24.480815353689522,727.9115600585938,1080.4181547941594,1808.329714852753,378.41369021691276,378.41369021691276,0.9349869605016252,162.5726665864615,174
24.628712050945236,727.4439697265625,1083.0894414539766,1810.5334111805391,380.6173865446988,380.6173865446988,0.9350337490191427,163.50770033548065,175
24.776604224766004,726.976806640625,1085.7607321716482,1812.7375388122732,382.82151417643286,382.82151417643286,0.9350783775379501,164.4427787130186,176
24.92448835183376,726.5098266601562,1088.4320301078499,1814.9418567680061,385.02583213216576,385.02583213216576,0.9351156111137492,165.37789432413237,177
25.072361445878943,726.0432739257812,1091.1033379414855,1817.1466118672668,387.2305872314264,387.2305872314264,0.9351579464150356,166.31305227054742,178
25.220221265766583,725.5770263671875,1093.7746576830184,1819.351684050206,389.43565941436555,389.43565941436555,0.9352080918978808,167.2482603624453,179
25.36806419957684,725.1110229492188,1096.4459925726062,1821.557015521825,391.6409908859846,391.6409908859846,0.9352547770761847,168.1835151395215,180
25.515886937888798,724.6451416015625,1099.1173455790436,1823.762487180606,393.8464625447657,393.8464625447657,0.9353051063585109,169.11882024588,181
25.663686563467323,724.1798095703125,1101.7887193193053,1825.9685288896178,396.05250425377744,396.05250425377744,0.935351837273656,170.05417208315365,182
25.81145937782713,723.7145385742188,1104.460117111205,1828.1746556854237,398.2586310495833,398.2586310495833,0.9353971266306375,170.9895692097843,183
25.959203146602597,723.2495727539062,1107.1315409591332,1830.3811137130394,400.4650890771991,400.4650890771991,0.9354532259826284,171.92502243576692,184
26.106914566780876,722.7847900390625,1109.8029938261357,1832.5877838651982,402.6717592293578,402.6717592293578,0.9355077081445609,172.8605301439115,185
26.254589887044396,722.3203735351562,1112.4744790774207,1834.794852612577,404.8788279767366,404.8788279767366,0.9355612518644227,173.7960913957759,186
26.40222620861594,721.8561401367188,1115.145999313405,1837.0021394501237,407.0861148142833,407.0861148142833,0.9356125002448211,174.73170389602072,187
26.549820103871134,721.39208984375,1117.8175576089202,1839.2096474526702,409.29362281682984,409.29362281682984,0.9356634844750618,175.6673673804958,188
26.69736916105347,720.92822265625,1120.489156127489,1841.417378783739,411.5013541478986,411.5013541478986,0.9357134394781087,176.6030808199739,189
26.844870159586765,720.464599609375,1123.1607977582062,1843.6253973675812,413.7093727317408,413.7093727317408,0.9357712746443891,177.5388520946183,190
26.992320961243127,720.0010986328125,1125.832484419219,1845.8335830520316,415.91755841619124,415.91755841619124,0.9358288282484507,178.47468092286675,191
27.139717320435018,719.537841796875,1128.5042199191328,1848.0420617160078,418.1260370801674,418.1260370801674,0.935877120777097,179.41055804364385,192
27.287057248241062,719.07470703125,1131.176006042156,1850.250713073406,420.33468843756555,420.33468843756555,0.9359389531843674,180.34649699682822,193
27.4343380958861,718.6116943359375,1133.8478451644353,1852.4595395003728,422.5435148645324,422.5435148645324,0.9360005623329882,181.28249755916121,194
27.581555943962595,718.1488647460938,1136.5197408019678,1854.6686055480616,424.7525809122212,424.7525809122212,0.9360562949595148,182.21855385412073,195
27.728708309706338,717.6861572265625,1139.191695181976,1856.8778524085385,426.96182777269814,426.96182777269814,0.936111455129446,183.15466530925016,196
27.875792347236505,717.2234497070312,1141.8637108574248,1859.087160564456,429.17113592861574,429.17113592861574,0.9361754464853386,184.0908407557355,197
28.022805783476105,716.7609252929688,1144.5357898674313,1861.2967151604,431.38069052455967,431.38069052455967,0.9362436653340901,185.02708442106962,198
28.169744592998217,716.2985229492188,1147.2079358231003,1863.506458772319,433.59043413647873,433.59043413647873,0.9363025979652028,185.96338701903483,199
28.316605986243758,715.8360595703125,1149.8801512268715,1865.716210797184,435.8001861613436,435.8001861613436,0.9363585866357111,186.89974560567055,200
28.463387525620995,715.3737182617188,1152.552438265444,1867.9261565271627,438.0101318913223,438.0101318913223,0.9364169811629431,187.8361625868335,201
28.610087000789598,714.911376953125,1155.2247989216567,1870.1361758747817,440.2201512389413,440.2201512389413,0.9364773715833327,188.77263995841682,202
28.756701737409294,714.4490966796875,1157.897235594589,1872.3463322742764,442.43030763843603,442.43030763843603,0.9365353816718467,189.70917534008868,203
28.903229339319267,713.9869995117188,1160.5697504337738,1874.5567499454926,444.6407253096522,444.6407253096522,0.9365923932116645,190.64576773330035,204
29.049667621443923,713.5247192382812,1163.2423453993854,1876.7670646376666,446.8510400018263,446.8510400018263,0.9366590342141985,191.58242676751453,205
29.196014457066056,713.0625610351562,1165.9150223992451,1878.9775834344014,449.061558798561,449.061558798561,0.9367252342235409,192.51915200173806,206
29.342266338277625,712.6004028320312,1168.5877845802052,1881.1881874122364,451.27216277639604,451.27216277639604,0.9367900463141343,193.4559420480522,207
29.4884213135144,712.13818359375,1171.2606336929623,1883.3988172867123,453.48279265087194,453.48279265087194,0.9368512303451034,194.3927932783973,208
29.63447625696739,711.676025390625,1173.9335725415974,1885.6095979322224,455.69357329638206,455.69357329638206,0.9369121837519603,195.32970546214926,209
29.780429856723078,711.2138061523438,1176.606602302994,1887.8204084553377,457.9043838194973,457.9043838194973,0.9369710359649971,196.26667649811426,210
29.926279177596594,710.7515869140625,1179.279725610228,1890.0313125242906,460.1152878884502,460.1152878884502,0.9370276459857182,197.2037041441,211
30.07202328851089,710.2892456054688,1181.9529432985455,1892.2421889040143,462.3261642681739,462.3261642681739,0.9370919123848035,198.1407960564848,212
30.217659733174706,709.8268432617188,1184.6262575714195,1894.4531008331383,464.5370761972979,464.5370761972979,0.9371539965939393,199.07795005307872,213
30.363186496751034,709.3644409179688,1187.299670236308,1896.6641111542767,466.74808651843637,466.74808651843637,0.9372223052393376,200.01517235831807,214
30.508601570609137,708.9019165039062,1189.9731830951,1898.8750995990063,468.9590749631659,468.9590749631659,0.9372858076405223,200.9524581659586,215
30.65390212283582,708.4393920898438,1192.646798688231,1901.0861907780748,471.1701661422344,471.1701661422344,0.9373389163069334,201.88979708226555,216
30.799086958934154,707.9767456054688,1195.3205180872524,1903.2972636927211,473.38123905688076,473.38123905688076,0.9373948365641509,202.8271919188297,217
30.944154923392247,707.5140380859375,1197.9943423287432,1905.5083804146807,475.59235577884033,475.59235577884033,0.937455447268813,203.7646473660985,218
31.089104468431817,707.0510864257812,1200.6682728011747,1907.719359226956,477.8033345911156,477.8033345911156,0.9375174572138799,204.7021648233124,219
31.233933807546137,706.588134765625,1203.3423111071754,1909.9304458728004,480.01442123696006,480.01442123696006,0.9375807381740139,205.6397455614864,220
31.37864126694982,706.1250610351562,1206.0164587482536,1912.1415197834099,482.2254951475695,482.2254951475695,0.9376372641729928,206.57738282565938,221
31.523224964883454,705.6618041992188,1208.6907174124863,1914.352521611705,484.43649697586466,484.43649697586466,0.9376935150017336,207.51507634066112,222
31.66768430671147,705.1984252929688,1211.3650876333052,1916.563512926274,486.64748829043356,486.64748829043356,0.9377493897085206,208.45282573036965,223
31.812017545697245,704.7349853515625,1214.039570977662,1918.7745563292244,488.85853169338407,488.85853169338407,0.937800307780569,209.39062603815023,224
31.956224175265195,704.271240234375,1216.714167899992,1920.985408134367,491.0693834985266,491.0693834985266,0.9378613112952168,210.32848734944545,225
32.10030326288025,703.8074951171875,1219.3888792368482,1923.1963743540357,493.28034971819534,493.28034971819534,0.9379163945210659,211.26640374396652,226
32.24425285238226,703.3434448242188,1222.0637067430503,1925.407151567269,495.49112693142865,495.49112693142865,0.9379652625357261,212.20436900650225,227
32.38807292738811,702.8793334960938,1224.7386504332947,1927.6179839293884,497.70195929354804,497.70195929354804,0.9380244417943323,213.1423934482966,228
32.53176253735913,702.4149780273438,1227.413711160285,1929.8286891876287,499.91266455178834,499.91266455178834,0.9380792689394305,214.080472717236,229
32.67532016327494,701.9505004882812,1230.0888902866946,1932.0393907749758,502.12336613913544,502.12336613913544,0.9381295458147114,215.01860226305072,230
32.81874553972635,701.4856567382812,1232.7641880506144,1934.2498447888956,504.3338201530553,504.3338201530553,0.9381845265098289,215.95678678956054,231
32.96203788690023,701.020751953125,1235.4396051515948,1936.4603571047198,506.5443324688795,506.5443324688795,0.9382354355296643,216.8950222250902,232
33.10519626951576,700.5556640625,1238.1151424286513,1938.6708064911513,508.75478185531097,508.75478185531097,0.9382913221622703,217.83331354725246,233
33.24822054078587,700.09033203125,1240.7908000134628,1940.8811320447128,510.9651074088724,510.9651074088724,0.938348738729958,218.77166228598242,234
33.391109088986056,699.6248168945312,1243.4665793518648,1943.091396246396,513.1753716105557,513.1753716105557,0.938394221391967,219.7100565073744,235
33.53386155599401,699.1589965820312,1246.1424807651197,1945.301477347151,515.3854527113106,515.3854527113106,0.9384416985799174,220.6484982059543,236
33.676478141739565,698.6929931640625,1248.8185040738754,1947.5114972379379,517.5954726020975,517.5954726020975,0.9384889514628671,221.58698715741716,237
33.818958216851286,698.2269287109375,1251.4946498427246,1949.721578553662,519.8055539178217,519.8055539178217,0.9385362761293942,222.52552343354654,238
33.96130200558008,697.7604370117188,1254.1709178704973,1951.931354882216,522.0153302463757,522.0153302463757,0.938583568431052,223.4641070019776,239
34.103508899230974,697.2937622070312,1256.8473087032385,1954.1410709102697,524.2250462744294,524.2250462744294,0.9386297012994576,224.40273670327704,240
34.245579117369864,696.8267822265625,1259.5238221439804,1956.350604370543,526.4345797347025,526.4345797347025,0.9386748043930115,225.34141150767005,241
34.387512248672884,696.359619140625,1262.200458561712,1958.560077702337,528.6440530664966,528.6440530664966,0.9387192589709766,226.280130766641,242
34.52930865172073,695.8921508789062,1264.877217634759,1960.7693685136653,530.853343877825,530.853343877825,0.9387614808928394,227.21889224753386,243
34.670968028628195,695.4244995117188,1267.554099630347,1962.9785991420658,533.0625745062255,533.0625745062255,0.9388019576090206,228.1576942051429,244
34.81249104281696,694.95654296875,1270.2311039533377,1965.1876469220877,535.2716222862473,535.2716222862473,0.9388406906520955,229.09653489579497,245
34.95387766117243,694.4884033203125,1272.9082306334371,1967.3966339537496,537.4806093179093,537.4806093179093,0.9388771822755703,230.03541207807055,246
35.09512876569606,694.02001953125,1275.585478879425,1969.605498410675,539.6894737748346,539.6894737748346,0.9389205686028973,230.97433264667345,247
35.23624464538505,693.5513305664062,1278.2628484320503,1971.8141789984566,541.8981543626162,541.8981543626162,0.9389616713336995,231.91329431800713,248
35.37722515054509,693.0823974609375,1280.940339425599,1974.0227368865364,544.1067122506961,544.1067122506961,0.939000020489255,232.8522943384964,249
35.518070883959844,692.6132202148438,1283.6179513193297,1976.2311715341734,546.3151468983331,546.3151468983331,0.9390333292248004,233.7913276677212,250
35.65878209662854,692.1436157226562,1286.2956838880782,1978.4392996107345,548.5232749748941,548.5232749748941,0.9390731845001307,234.73040085222132,251
35.79936008262567,691.6739501953125,1288.973535970964,1980.6474861662764,550.731461530436,550.731461530436,0.9391095964945132,235.66951044871584,252
35.939804143689614,691.2039794921875,1291.6515081943792,1982.8554876865667,552.9394630507263,552.9394630507263,0.9391421413382741,236.6086525900541,253
36.080116004174634,690.7337036132812,1294.3295990114511,1985.0633026247324,555.147277988892,555.147277988892,0.9391859983046573,237.54783858835876,254
36.22029554827112,690.26318359375,1297.0078085260695,1987.2709921198195,557.3549674839792,557.3549674839792,0.9392183079319183,238.48705689629068,255
36.36034280617386,689.7923583984375,1299.6861367111476,1989.478495109585,559.5624704737447,559.5624704737447,0.9392474824535082,239.4263043787442,256
36.50025931129694,689.3214111328125,1302.3645821910995,1991.685993323912,561.7699686880717,561.7699686880717,0.9392733343800647,240.36557771312425,257
36.64004553569773,688.8500366210938,1305.0431445424556,1993.8931811635493,563.977156527709,563.977156527709,0.93929997172384,241.3048776848481,258
36.779703410240685,688.37841796875,1307.7218220330878,1996.1002400018378,566.1842153659975,566.1842153659975,0.9393323740660285,242.24421005891412,259
36.91923326965202,687.9066772460938,1310.4006143627225,1998.3072916088163,568.3912669729759,568.3912669729759,0.9393620354395052,243.18357209435362,260
37.05863613419898,687.4345092773438,1313.0795206161042,2000.514029893448,570.5980052576076,570.5980052576076,0.9393913371583674,244.12296343151198,261
37.19791270935759,686.962158203125,1315.7585401603696,2002.7206983634946,572.8046737276543,572.8046737276543,0.939423380544483,245.06238681205647,262
37.337064016412654,686.4896240234375,1318.4376720793502,2004.9272961027877,575.0112714669474,575.0112714669474,0.9394522675495441,246.00183907960601,263
37.47609033786166,686.0167236328125,1321.1169161196258,2007.1336397524383,577.2176151165979,577.2176151165979,0.9394713214919542,246.94131040109798,264
37.61499309187013,685.543701171875,1323.796271008997,2009.339972180872,579.4239475450318,579.4239475450318,0.9394913032478847,247.88080170434586,265
37.753773933342316,685.0703125,1326.4757352628928,2011.5460477628928,581.6300231270525,581.6300231270525,0.9395177653397485,248.82031946968561,266
37.89243407929722,684.5967407226562,1329.1553077895576,2013.7520485122138,583.8360238763735,583.8360238763735,0.9395460541311906,249.7598655238168,267
38.03097419070199,684.1228637695312,1331.8349879960551,2015.9578517655864,586.041827129746,586.041827129746,0.9395742341780847,250.6994397579949,268
38.1693951685853,683.6488037109375,1334.5147750740964,2018.163578785034,588.2475541491935,588.2475541491935,0.9395966285683045,251.6390363865632,269
38.307697656555106,683.1744384765625,1337.1946684463178,2020.3691069228803,590.4530822870399,590.4530822870399,0.939619082723273,252.57865546928647,270
38.44588332531413,682.6998291015625,1339.8746666139755,2022.574495715538,592.6584710796976,592.6584710796976,0.9396406756434232,253.5182961449299,271
38.583952777042455,682.2249755859375,1342.55476903687,2024.7797446228076,594.8637199869672,594.8637199869672,0.9396583520369547,254.45795449696686,272
38.72190772341324,681.7498168945312,1345.2349741795042,2026.9847910740355,597.0687664381951,597.0687664381951,0.9396749963569847,255.39762949332385,273
38.859749284773336,681.2745361328125,1347.9152810368446,2029.189817169657,599.2737925338167,599.2737925338167,0.9396901109612321,256.3373196042851,274
38.99747923497034,680.7989501953125,1350.5956880176188,2031.3946382129313,601.478613577091,601.478613577091,0.9397019922038243,257.2770215964889,275
39.13509885307941,680.3231811523438,1353.276193974403,2033.5993751267467,603.6833504909064,603.6833504909064,0.9397217084950679,258.216743304984,276
39.272610279952374,679.84716796875,1355.9567969866948,2035.8039649554448,605.8879403196045,605.8879403196045,0.9397393533551294,259.15648265833914,277
39.410013636160286,679.3709106445312,1358.6374969463332,2038.0084075908644,608.092382955024,608.092382955024,0.9397546283663667,260.0962372867055,278
39.547311251394724,678.8944091796875,1361.318291763413,2040.2127009431006,610.2966763072602,610.2966763072602,0.9397736018038072,261.0360108885093,279
39.684503568026884,678.417724609375,1363.9991810410957,2042.4169056504707,612.5008810146303,612.5008810146303,0.9397821730633136,261.9757930615726,280
39.82159229034888,677.9407958984375,1366.6801632505044,2044.620959148942,614.7049345131015,614.7049345131015,0.9397978087647526,262.9155908703373,281
39.95857928750982,677.4636840820312,1369.3612367148753,2046.8249207969066,616.9088961610662,616.9088961610662,0.9398153586407834,263.8554062289781,282
40.09546519778246,676.9862670898438,1372.042400861631,2049.0286679514747,619.1126433156344,619.1126433156344,0.9398251962915951,264.7952314252697,283
40.232251536020904,676.5087890625,1374.7236543318354,2051.2324433943354,621.316418758495,621.316418758495,0.9398298489870972,265.7350612742568,284
40.36893998139343,676.031005859375,1377.404995619151,2053.436001478526,623.5199768426855,623.5199768426858,0.9398352362391114,266.6748965104959,285
40.505532696768995,675.552978515625,1380.0864227833247,2055.6394012989495,625.7233766631093,625.7233766631091,0.9398528904535652,267.61474940094945,286
40.64203117854682,675.0748291015625,1382.7679344819767,2057.842763583539,627.9267389476988,627.9267389476988,0.939866827340365,268.55461622828983,287
40.77843578484437,674.5965576171875,1385.4495303938488,2060.0460880110363,630.130063375196,630.130063375196,0.9398719544986109,269.4944881827884,288
40.91474845810465,674.1180419921875,1388.1312087764272,2062.2492507686147,632.3332261327744,632.3332261327744,0.939875219981012,270.4343634027694,289
41.050970758646734,673.6392822265625,1390.81296822999,2064.4522504565525,634.5362258207122,634.5362258207122,0.9398848965585868,271.374248299328,290
41.18710479530374,673.1604614257812,1393.494806862759,2066.6552682885404,636.7392436527,636.7392436527,0.9398970703913989,272.31414536971937,291
41.323151166357874,672.6813354492188,1396.176724138031,2068.85805958725,638.9420349514094,638.9420349514096,0.939907735634945,273.25405310535433,292
41.45911153748211,672.2021484375,1398.8587185615745,2071.0608669990743,641.1448423632341,641.1448423632339,0.9399127557124194,274.1939658610668,293
41.59498668611441,671.7227783203125,1401.5407894359705,2073.263567756283,643.3475431204427,643.3475431204427,0.9399098817125657,275.1338757427793,294
41.73077898080122,671.2431640625,1404.2229346364581,2075.4660986989584,645.5500740631178,645.550074063118,0.9399142542122632,276.0737899969916,295
41.866490250925146,670.7635498046875,1406.905152521947,2077.6687023266345,647.7526776907941,647.7526776907941,0.9399238395306486,277.01371383652224,296
42.002121754385975,670.2835693359375,1409.5874419640077,2079.871011299945,649.9549866641048,649.9549866641048,0.9399279554114524,277.9536417919337,297
42.13767451650549,669.8035278320312,1412.2698020428513,2082.073329874883,652.1573052390422,652.1573052390424,0.9399274372771351,278.89356922921087,298
42.273150490896654,669.3233642578125,1414.9522310059433,2084.275595263756,654.3595706279154,654.3595706279154,0.9399297413856217,279.8334989705965,299
42.40855129272055,668.843017578125,1417.634727404365,2086.47774498249,656.5617203466497,656.5617203466497,0.9399371654039448,280.77343613600044,300
42.5438783963544,668.362548828125,1420.3172899154915,2088.6798387436165,658.7638141077762,658.7638141077762,0.9399411879834957,281.71337732398393,301
42.67913263726873,667.8820190429688,1422.9999177898444,2090.881936832813,660.9659121969728,660.9659121969728,0.9399375717774827,282.6533148957614,302
42.8143158902109,667.4012451171875,1425.6826093456366,2093.083854462824,663.1678298269837,663.1678298269837,0.9399365672778501,283.5932514630393,303
42.949430001525464,666.92041015625,1428.3653629265618,2095.285773082812,665.3697484469715,665.3697484469715,0.9399419553160412,284.5331934183553,304
43.084476400392504,666.439453125,1431.04817725054,2097.48763037554,667.5716057396996,667.5716057396996,0.939941778236559,285.4731351965919,305
43.21945597010768,665.9583740234375,1433.7310515251895,2099.689425548627,669.7734009127867,669.7734009127864,0.9399339618028935,286.4130691583948,306
43.3543708389117,665.4771728515625,1436.4139838413223,2101.8911566928846,671.9751320570444,671.9751320570442,0.9399301419897846,287.3529993003846,307
43.48922289708555,664.995849609375,1439.0969725032169,2104.092822112592,674.1767974767515,674.1767974767515,0.9399228073218368,288.2929221077065,308
43.62401362712266,664.5145263671875,1441.7800161809669,2106.2945425481544,676.378517912314,676.378517912314,0.939919018849832,289.2328411265563,309
43.75874531530229,664.0330810546875,1444.463112823612,2108.4961938782994,678.5801692424591,678.5801692424591,0.93992647534143,290.17276760189776,310
43.89341888954697,663.551513671875,1447.146261598737,2110.697775270612,680.7817506347717,680.7817506347717,0.939922701299535,291.11269030319727,311
44.02803499193407,663.06982421875,1449.8294619303517,2112.8992861491015,682.9832615132614,682.9832615132611,0.9399117778827538,292.05260208108,312
44.16259604694141,662.588134765625,1452.5127116435206,2115.1008464091456,685.1848217733052,685.1848217733052,0.9399074137234023,292.9925094948034,313
44.29710364513562,662.1063232421875,1455.1960093113885,2117.302332553576,687.3863079177356,687.3863079177356,0.9399044895982348,293.93241398440165,314
44.43155920378881,661.6244506835938,1457.8793536625574,2119.503804346151,689.5877797103108,689.5877797103105,0.9398967181772576,294.8723107025789,315
44.565964044550654,661.1424560546875,1460.5627435114106,2121.705199566098,691.7891749302578,691.7891749302578,0.9398928894230182,295.8122035920019,316
44.700320183850394,660.6605224609375,1463.2461770490625,2123.90669951,693.9906748741596,693.9906748741598,0.9398894408642295,296.7520930328661,317
44.834628344061734,660.1784057617188,1465.9296536274908,2126.1080593892093,696.1920347533692,696.192034753369,0.9398830584209587,297.6919760912871,318
44.96889039974199,659.6963500976562,1468.613171565079,2128.3095216627353,698.3934970268949,698.3934970268949,0.9398786954693674,298.63185478675643,319
45.10310744098817,659.2141723632812,1471.2967298839308,2130.510902247212,700.5948776113717,700.5948776113717,0.939865625980553,299.57172041273697,320
45.23728098282536,658.7320556640625,1473.980327224956,2132.7123828890185,702.7963582531781,702.7963582531781,0.9398596394854777,300.5115800522224,321
45.37141325545021,658.249755859375,1476.6639615875044,2134.9137174468797,704.9976928110391,704.9976928110393,0.9398544800380491,301.45143453226046,322
45.505504738532345,657.7674560546875,1479.347632541277,2137.1150885959646,707.1990639601242,707.1990639601242,0.939843519572762,302.39127805183324,323
45.639557450821904,657.28515625,1482.0313382753066,2139.3164945253066,709.4004698894662,709.4004698894662,0.9398361834751873,303.3311142353084,324
45.77357264144236,656.8027954101562,1484.7150776690369,2141.517873079193,711.6018484433528,711.6018484433528,0.9398292316010062,304.2709434669094,325
45.907551745212956,656.320556640625,1487.3988494353296,2143.719406075955,713.8033814401142,713.8033814401144,0.9398180995379102,305.2107615664473,326
46.04149590324905,655.8381958007812,1490.08265255052,2145.920848351301,716.0048237154608,716.0048237154608,0.9398090678901192,306.1505706343374,327
46.17540705696332,655.3557739257812,1492.7664852730181,2148.1222591987994,718.206234562959,718.206234562959,0.9398001003738258,307.0903707347112,328
46.309286010159674,654.8734130859375,1495.450346881753,2150.3237599676904,720.4077353318501,720.4077353318501,0.9397887325238026,308.030159467235,329
46.443134610193525,654.3909301757812,1498.1342357195097,2152.525165895291,722.6091412594506,722.6091412594508,0.9397778628718273,308.96993733010686,330
46.57695395207308,653.9086303710938,1500.818150803986,2154.72678117508,724.8107565392395,724.8107565392395,0.9397671956509955,309.90970452575783,331
46.71074573416027,653.42626953125,1503.502090611626,2156.928360142876,727.0123355070357,727.0123355070357,0.9397544324580683,310.8494589582159,332
46.84451097545258,652.9439086914062,1506.1860542283139,2159.12996291972,729.2139382838798,729.2139382838798,0.9397363979308501,311.78919535614676,333
46.97825158546861,652.4614868164062,1508.870039941071,2161.331526757477,731.4155021216368,731.4155021216368,0.9397226583301412,312.7289180144769,334
47.111969256166866,651.9791870117188,1511.554046232086,2163.5332332438047,733.6172086079644,733.6172086079644,0.9397126493662513,313.66863066384315,335
47.245665228643034,651.4969482421875,1514.2380719880039,2165.7350202301914,735.818995594351,735.818995594351,0.9396945564154933,314.6083252202586,336
47.379340613047006,651.0147094726562,1516.9221162129393,2167.9368256855955,738.0208010497552,738.0208010497552,0.939678942229898,315.5480041624885,337
47.51299769697361,650.5324096679688,1519.6061768547506,2170.1385865227194,740.222561886879,740.222561886879,0.939665384227834,316.48766954671635,338
47.6466372044428,650.05029296875,1522.2902532639393,2172.340546232689,742.424521596849,742.4245215968488,0.9396471230210178,317.42731666973737,339
47.780261044027185,649.568115234375,1524.9743437283742,2174.542458962749,744.6264343269088,744.6264343269088,0.9396302567866319,318.366946926524,340
47.91387054818765,649.0861206054688,1527.6584470527407,2176.7445676582092,746.8285430223691,746.8285430223689,0.9396233755550061,319.306570302079,341
48.047467353000066,648.60400390625,1530.3425617693574,2178.9465656756074,749.0305410397671,749.0305410397671,0.9396129484013309,320.2461832504803,342
48.181051374295045,648.1220092773438,1533.026687953731,2181.148697231075,751.2326725952344,751.2326725952346,0.9395944203551717,321.1857776708355,343
48.31462466019243,647.64013671875,1535.710823768547,2183.350960487297,753.4349358514567,753.4349358514567,0.9395725460763835,322.12535021691184,344
48.448188232145114,647.1582641601562,1538.394968297487,2185.5532324576434,755.6372078218028,755.637207821803,0.9395580136289016,323.06490823054077,345
48.581744505385515,646.6765747070312,1541.0791193739096,2187.755694080941,757.8396694451005,757.8396694451005,0.9395466524426292,324.0044548829834,346
48.71529345825955,646.19482421875,1543.7632770172395,2189.9581012359895,760.0420766001491,760.0420766001491,0.9395243801268974,324.9439792631103,347
48.848836970841354,645.7131958007812,1546.4474395409127,2192.1606353416937,762.2446107058536,762.2446107058533,0.9395060036236097,325.8834852667339,348
48.98237650683407,645.2316284179688,1549.1316056318792,2194.363234049848,764.4472094140076,764.4472094140076,0.9394898754187099,326.8229751421526,349
49.11591333563183,644.750244140625,1551.8157741513985,2196.5660182920237,766.6499936561831,766.6499936561834,0.9394760539050022,327.7624511960576,350
49.24944855234085,644.2689208984375,1554.4999441170808,2198.7688650155183,768.8528403796779,768.8528403796779,0.9394547709271215,328.7019059669847,351
49.382983058189104,643.7875366210938,1557.1841147204573,2200.971651341551,771.0556267057107,771.0556267057107,0.9394255247154213,329.64133149170016,352
49.51651891674208,643.3065795898438,1559.8682841103578,2203.1748637002015,773.2588390643612,773.2588390643612,0.9394070482305389,330.5807385399307,353
49.65005807440977,642.8255004882812,1562.5524505407095,2205.3779510289905,775.4619263931504,775.4619263931502,0.9393930627252955,331.52013160265597,354
49.783601041324424,642.3446044921875,1565.2366135538864,2207.581218046074,777.6651934102335,777.6651934102335,0.9393738169680972,332.45950541962407,355
49.917149069826294,641.8637084960938,1567.9207720264467,2209.7844805225404,779.8684558867001,779.8684558867001,0.9393517748358774,333.39885719445994,356
50.05070336433402,641.3831176757812,1570.6049248779377,2211.988042553719,782.0720179178786,782.0720179178786,0.9393325679000256,334.33818976235995,357
50.18426550464179,640.9025268554688,1573.2890706911687,2214.1915975466372,784.2755729107971,784.2755729107969,0.939309434381895,335.2774991967418,358
50.31783625824144,640.4222412109375,1575.973208777642,2216.3954499885795,786.4794253527391,786.4794253527391,0.9392850989821345,336.2167842957239,359
50.45141767246946,639.94189453125,1578.6573373007468,2218.599231831997,788.6832071961564,788.6832071961564,0.9392716600458337,337.1560559557698,360
50.585010646220674,639.4617919921875,1581.3414554541077,2220.8032474462952,790.8872228104549,790.8872228104549,0.9392458812430232,338.0953018370128,361
50.718615656484594,638.9818115234375,1584.0255628098303,2223.0073743332678,793.0913496974274,793.0913496974274,0.939219133927963,339.0345209709408,362
50.8522352445728,638.501953125,1586.7096570881708,2225.211610213171,795.2955855773305,795.2955855773305,0.9391988341496068,339.97371980509035,363
50.985869999752055,638.0222778320312,1589.3937377605132,2227.4160155925447,797.4999909567041,797.4999909567043,0.9391805266239821,340.91290033171435,364
51.11952147769513,637.5427856445312,1592.0778034313048,2229.620589075836,799.7045644399957,799.7045644399957,0.9391611189121215,341.8520614506265,365
51.25318997172721,637.0634155273438,1594.7618538374115,2231.8252693647555,801.9092447289149,801.9092447289152,0.9391275193676685,342.79118896999415,366
51.386877121760634,636.584228515625,1597.4458875077107,2234.0301160233357,804.1140913874954,804.1140913874954,0.9391041299604731,343.7302930999546,367
51.52058514328669,636.1051635742188,1600.1299024547434,2236.235066028962,806.3190413931218,806.3190413931218,0.9390886322218011,344.6693817321764,368
51.6543142160266,635.6263427734375,1602.813898517287,2238.4402412907248,808.5242166548842,808.5242166548844,0.9390644326514849,345.6084461648279,369
51.78806538622743,635.1476440429688,1605.4978747567802,2240.645518799749,810.7294941639086,810.7294941639086,0.9390370148352634,346.5474831796632,370
51.92184001293536,634.669189453125,1608.1818299540596,2242.8510194071846,812.9349947713442,812.9349947713442,0.9390049444338442,347.48648812409704,371
52.055639537735615,634.1908569335938,1610.8657628159156,2245.056619749509,815.140595113669,815.1405951136687,0.9389766553234856,348.4254647794205,372
52.18946589771414,633.7127685546875,1613.5496716046403,2247.2624401593275,817.3464155234874,817.3464155234872,0.9389554334618129,349.3644202128823,373
52.32331995868826,633.23486328125,1616.2335555435316,2249.4684188247816,819.5523941889412,819.5523941889412,0.9389311709211342,350.30335138380343,374
52.45720261218187,632.7571411132812,1618.9174138328267,2251.674554946108,821.7585303102676,821.7585303102676,0.9389090270680234,351.24226041087144,375
52.59111510311147,632.2796630859375,1621.6012453557441,2253.8809084416816,823.9648838058413,823.9648838058413,0.9388819165032959,352.18114232737474,376
52.725057996833506,631.8023071289062,1624.2850496051174,2256.0873567340236,826.1713320981833,826.1713320981833,0.9388530174559604,353.1199953448307,377
52.85903316462315,631.3253173828125,1626.9688249022752,2258.2941422850877,828.3781176492473,828.3781176492473,0.9388250523086051,354.05882039713936,378
52.99304139336458,630.848388671875,1629.6525705413233,2260.5009592131983,830.5849345773579,830.5849345773579,0.9387942301210248,354.99761462726036,379
53.12708434867615,630.3717041015625,1632.3362850280807,2262.7079891296435,832.7919644938029,832.7919644938031,0.9387617431345626,355.9363763703949,380
53.261163175884036,629.8953247070312,1635.0199673351049,2264.915292042136,834.9992674062958,834.9992674062958,0.9387298147435791,356.87510618513846,381
53.395279699142975,629.4191284179688,1637.7036158259948,2267.1227442439636,837.2067196081232,837.2067196081232,0.9387054689743277,357.8138116541128,382
53.52943494050264,628.9431762695312,1640.3872295838962,2269.3304058534277,839.4143812175871,839.4143812175873,0.9386799237556825,358.75249157786845,383
53.663629611004914,628.4674682617188,1643.0708079709525,2271.5382762326713,841.6222515968309,841.6222515968309,0.9386545284757836,359.69114610634426,384
53.79786485455468,627.9920043945312,1645.7543499609972,2273.7463543555286,843.830329719688,843.8303297196883,0.9386243957037668,360.629770502048,385
53.93214133264324,627.5167846679688,1648.437854960623,2275.954639628592,846.0386149927515,846.0386149927515,0.9385933836947574,361.56836388574277,386
54.06646079060535,627.0418090820312,1651.1213214041368,2278.163130486168,848.2471058503277,848.2471058503277,0.9385623449026108,362.5069262306454,387
54.20082398388514,626.5670166015625,1653.804748613849,2280.3717652154114,850.455740579571,850.455740579571,0.9385287862761692,363.4454550169215,388
54.335232589156696,626.092529296875,1656.4881350856597,2282.5806643825345,852.6646397466943,852.6646397466941,0.9385031526108958,364.38395816953243,389
54.469687676951104,625.6182861328125,1659.1714798592236,2284.7897659920363,854.8737413561958,854.873741356196,0.9384773802653934,365.32243554979783,390
54.604189767896436,625.144287109375,1661.8547824674993,2286.9990695768743,857.0830449410339,857.0830449410339,0.9384499959401684,366.260885545738,391
54.73873990728253,624.6705932617188,1664.5380419727844,2289.208635234503,859.2926105986628,859.2926105986628,0.938417806991775,367.19930335272977,392
54.87333881601596,624.1971435546875,1667.2212577283728,2291.41840128306,861.50237664722,861.5023766472198,0.9383764777401763,368.13767983046995,393
55.00798815603848,623.7239990234375,1669.9044282433806,2293.628427266818,863.7124026309777,863.7124026309777,0.9383434550425348,369.07602328551246,394
55.14268987498228,623.2510986328125,1672.5875517706377,2295.83865040345,865.9226257676098,865.9226257676098,0.9383161187661619,370.01433940427864,395
55.27744442569777,622.7785034179688,1675.270627903904,2298.0491313218727,868.1331066860323,868.1331066860323,0.9382826010827334,370.9526220053614,396
55.4122528934167,622.30615234375,1677.953655669647,2300.259808013397,870.3437833775567,870.3437833775567,0.9382449758687964,371.89086698123015,397
55.54711656313756,621.834228515625,1680.6366339151282,2302.470862430753,872.5548377949128,872.5548377949128,0.938211068864622,372.8290780500948,398
55.68203704118093,621.3624267578125,1683.3195611993601,2304.6819879571726,874.7659633213323,874.7659633213323,0.9381824344357871,373.76726048453054,399
55.81701504866885,620.8910522460938,1686.0024368754425,2306.8934891215363,876.9774644856959,876.9774644856959,0.9381511612540382,374.7054116457846,400
55.95205139967834,620.4199829101562,1688.6852602130891,2309.1052431232456,879.189218487405,879.1892184874052,0.938112732705011,375.6435243784896,401
56.08714714961036,619.9491577148438,1691.3680302655266,2311.3171879803704,881.40116334453,881.40116334453,0.9380776297211082,376.5816020082107,402
56.222304065943945,619.4786376953125,1694.0507454471967,2313.5293831425092,883.6133585066689,883.6133585066689,0.9380404915940038,377.5196424998047,403
56.35752270322827,619.0084228515625,1696.7334052606284,2315.741828112191,885.8258034763505,885.8258034763505,0.938008412012738,378.45765091181744,404
56.492805036882864,618.5385131835938,1699.416007933724,2317.9545211173177,888.0384964814773,888.0384964814773,0.9379775557411192,379.39562846755854,405
56.628150901977286,618.0689697265625,1702.0985536144385,2320.167523341001,890.2514987051607,890.2514987051607,0.9379366921491518,380.3335651597077,406
56.76356202284761,617.5997314453125,1704.7810407559155,2322.380772201228,892.4647475653876,892.4647475653876,0.9379079834421202,381.2714731431498,407
56.89903962581806,617.1307983398438,1707.4634682580518,2324.5942665978955,894.6782419620552,894.6782419620552,0.9378701742080395,382.2093433173579,408
57.03458368448643,616.6622314453125,1710.1458361445323,2326.8080675898445,896.8920429540044,896.8920429540042,0.9378265614021143,383.14716987876,409
57.1701966330488,616.1940307617188,1712.8281422317036,2329.0221729934224,899.106148357582,899.106148357582,0.9377901278969221,384.0849600066569,410
57.30587925179797,615.72607421875,1715.5103858195857,2331.2364600383357,901.3204354024954,901.3204354024954,0.9377599895460516,385.02271999620297,411
57.441632880736364,615.2584838867188,1718.1925657060979,2333.4510495928166,903.5350249569763,903.5350249569763,0.9377217303118455,385.96044172651483,412
57.577457397009184,614.7913208007812,1720.8746820014496,2335.6660028022307,905.7499781663905,905.7499781663903,0.9376765056030476,386.8981182321179,413
57.71335521063239,614.324462890625,1723.5567325436791,2337.881195434304,907.9651707984638,907.9651707984638,0.937639050359628,387.8357572824775,414
57.84932717246956,613.85791015625,1726.2387165694995,2340.0966267257495,910.1806020899091,910.1806020899091,0.9376059003683488,388.77336318284586,415
57.98537451541208,613.3917846679688,1728.9206329729159,2342.3124176408846,912.3963930050443,912.3963930050443,0.9375679786901278,389.710931161536,416
58.121497458572165,612.9259033203125,1731.602481557369,2344.5283848776817,914.6123602418411,914.6123602418413,0.9375257365260562,390.6484568980621,417
58.25769784693599,612.46044921875,1734.2842606677696,2346.7447098865196,916.8286852506792,916.8286852506792,0.9374945352730736,391.58595143333514,418
58.39397649319456,611.9954223632812,1736.9659695750747,2348.961391938356,919.0453673025156,919.0453673025156,0.9374513656283014,392.52340279896345,419
58.530333631007935,611.5307006835938,1739.6476080696737,2351.1783087532676,921.262284117427,921.2622841174273,0.9374059175247998,393.46080871648826,420
58.666771705437746,611.0663452148438,1742.329173958166,2353.3955191730097,923.4794945371693,923.4794945371693,0.9373759230145692,394.3981846395028,421
58.80329126060621,610.6023559570312,1745.0106667524346,2355.613022709466,925.6969980736255,925.6969980736255,0.9373385334942163,395.335523172997,422
58.93989248738599,610.1387939453125,1747.692086281252,2357.8308802265647,927.9148555907241,927.9148555907243,0.9372903101314918,396.2728134831285,423
59.07657693868391,609.675537109375,1750.3734311515464,2360.0489682609214,930.132943625081,930.132943625081,0.9372424161358203,397.2100558992643,424
59.21334631093165,609.2127685546875,1753.0546998414943,2362.267468396182,932.3514437603415,932.3514437603415,0.9372082793662362,398.14726417863056,425
59.35020204882947,608.7503051757812,1755.7358910550922,2364.4861962308732,934.5701715950331,934.5701715950329,0.9371761765676114,399.0844403551982,426
59.48714385826948,608.2882080078125,1758.4170050561775,2366.70521306399,936.7891884281496,936.7891884281496,0.9371263065547127,400.0215666617529,427
59.62417283932182,607.8265991210938,1761.0980408579053,2368.924639978999,939.0086153431587,939.0086153431587,0.937084785216318,400.9586514469692,428
59.761291196883434,607.3653564453125,1763.7789964823214,2371.144352927634,941.2283282917936,941.2283282917936,0.9370438489271922,401.8956952958964,429
59.898498819521656,606.9044799804688,1766.4598720293889,2373.3643520098576,943.4483273740173,943.4483273740173,0.9370010947093292,402.83269639060575,430
60.03579773867918,606.4440307617188,1769.140665676754,2375.5846964384727,945.6686718026324,945.6686718026324,0.9369629906791886,403.76965938128495,431
60.17318810491986,605.9840698242188,1771.8213772893496,2377.8054471135683,947.889422477728,947.889422477728,0.9369162515965395,404.7065756328815,432
60.31067121337177,605.5244140625,1774.5020057053514,2380.0264197678516,950.110395132011,950.1103951320113,0.9368681018468066,405.6434437347283,433
60.44824842210683,605.0651245117188,1777.1825497064672,2382.247674218186,952.3316495823456,952.3316495823458,0.9368231263470485,406.58026686107536,434
60.58592117254324,604.6064453125,1779.86300799964,2384.46945331214,954.5534286762997,954.5534286762997,0.9367816217162449,407.5170484827916,435
60.72369032218889,604.1480712890625,1782.5433798156218,2386.6914511046843,956.775426468844,956.775426468844,0.9367395725954935,408.4537880553871,436
60.86155676558375,603.6900634765625,1785.2236643519445,2388.913727828507,958.9977031926667,958.9977031926667,0.9366992686637181,409.39048732405087,437
60.999521402487396,603.2324829101562,1787.9038608014566,2391.136343711613,961.2203190757725,961.2203190757725,0.9366603628355515,410.3271476868864,438
61.13758484564384,602.7754516601562,1790.5839686144827,2393.359420274639,963.4433956387986,963.4433956387986,0.936612065146109,411.2637597520325,439
61.27574776113268,602.3187255859375,1793.2639871934998,2395.5827127794373,965.666688143597,965.666688143597,0.9365648992735672,412.20032465130606,440
61.4140120621802,601.862548828125,1795.9439148222032,2397.806463650328,967.8904390144878,967.8904390144878,0.9365183642477115,413.1368430155538,441
61.55237823008173,601.4067993164062,1798.6237510688352,2400.0305503852414,970.1145257494011,970.1145257494011,0.9364663512435596,414.07330936679733,442
61.69084801019623,600.951416015625,1801.3034943676805,2402.2549103833053,972.3388857474652,972.3388857474649,0.9364236037641651,415.0097329705615,443
61.82942264094852,600.4965209960938,1803.9831436077807,2404.4796646038744,974.5636399680341,974.5636399680341,0.9363812812556527,415.94611425181716,444
61.96810248578086,600.0421142578125,1806.6626984631016,2406.704812720914,976.7887880850737,976.7887880850737,0.9363354664342863,416.88244971825145,445
62.10688867194049,599.5880737304688,1809.3421579224191,2408.930231652888,979.0142070170475,979.0142070170475,0.936285807926996,417.81873552617844,446
62.24578204431225,599.134521484375,1812.0215212278094,2411.1560427121844,981.2400180763441,981.2400180763441,0.9362367759342882,418.7549723021127,447
62.384784229741676,598.681396484375,1814.700786919872,2413.382183404247,983.4661587684066,983.4661587684066,0.936194340807366,419.6911666429201,448
62.5238959514462,598.228759765625,1817.379954349828,2415.608714115453,985.6926894796127,985.6926894796127,0.9361488371211881,420.6273154800413,449
62.66311783238214,597.776611328125,1820.0590229588395,2417.8356342869647,987.9196096511241,987.9196096511243,0.9360946762946989,421.56341015633603,450
62.80245100283929,597.3248901367188,1822.737991732953,2420.062881869672,990.1468572338315,990.1468572338315,0.9360450926536735,422.4994552489897,451
62.941897293535334,596.8736572265625,1825.4168590298805,2422.290516256443,992.3744916206026,992.3744916206026,0.9360023019901129,423.43545755097983,452
63.08145713860572,596.4228515625,1828.0956244601703,2424.5184760226703,994.6024513868299,994.6024513868299,0.9359539599991349,424.371411510979,453
63.22113132483915,595.9725952148438,1830.774287318015,2426.7468825328588,996.8308578970184,996.8308578970184,0.9359081622421972,425.3073196732212,454
63.360921061369055,595.522705078125,1833.4528465187323,2428.9755515968573,999.0595269610169,999.0595269610169,0.9358665660457961,426.24318623926695,455
63.50082674070185,595.0733642578125,1836.1313017102157,2431.204665968028,1001.2886413321878,1001.2886413321878,0.9358124853728496,427.17899872463977,456
63.64084892160368,594.6244506835938,1838.8096523912104,2433.434103074804,1003.5180784389638,1003.5180784389638,0.9357595558134939,428.11475828045326,457
63.78098976661561,594.176025390625,1841.4878966217584,2435.6639220123834,1005.747897376543,1005.747897376543,0.9357088519794917,429.05046713243274,458
63.9212496498221,593.7282104492188,1844.1660340662775,2437.894244515496,1007.9782198796559,1007.9782198796559,0.9356507510606623,429.9861178834934,459
64.06163032523335,593.2808227539062,1846.8440631512922,2440.1248859051984,1010.2088612693581,1010.2088612693581,0.9356019250698114,430.92171980856324,460
64.20213321490137,592.8338623046875,1849.5219826011166,2442.355844905804,1012.4398202699638,1012.4398202699638,0.9355544452293827,431.85727425379264,461
64.34275867067159,592.3875122070312,1852.1997921001196,2444.5873043071506,1014.6712796713105,1014.6712796713102,0.9355023855841644,432.7927766393768,462
64.48350786226955,591.9415283203125,1854.8774905989708,2446.8190189192833,1016.9029942834429,1016.9029942834429,0.9354559178683806,433.7282325572452,463
64.62438178714632,591.49609375,1857.5550772028837,2449.0511709528837,1019.1351463170433,1019.1351463170433,0.9354100263885592,434.66364258363376,464
64.76538076286616,591.0511474609375,1860.2325516269798,2451.2836990879173,1021.3676744520769,1021.3676744520769,0.9353523566178497,435.5989949402516,465
64.90650566247609,590.6067504882812,1862.909913088071,2453.5166635763526,1023.600638940512,1023.6006389405122,0.9352982496476638,436.53429318989924,466
65.04775848976534,590.1629028320312,1865.5871597886116,2455.750062620643,1025.8340379848025,1025.8340379848025,0.9352435322487559,437.469536722148,467
65.18913957041497,589.719482421875,1868.2642914364412,2457.9837738583165,1028.0677492224759,1028.067749222476,0.9351911757145447,438.40472789786253,468
65.3306509129934,589.2766723632812,1870.941306229726,2460.2179785930075,1030.301953957167,1030.3019539571671,0.9351406821414124,439.33986858000395,469
65.47229249149925,588.8342895507812,1873.618204191791,2462.452493742572,1032.5364691067318,1032.5364691067318,0.9350809588925667,440.2749495388965,470
65.61406596054071,588.3924560546875,1876.294983838331,2464.6874398930186,1034.7714152571782,1034.7714152571782,0.9350313543408142,441.20998089323734,471
65.7559726349138,587.951171875,1878.9716439898773,2466.9228158648775,1037.006791229037,1037.0067912290372,0.9349827441480087,442.14496363738533,472
65.89801263485577,587.5104370117188,1881.648184538568,2469.1586215502866,1039.2425969144465,1039.2425969144463,0.9349288998255657,443.0798925372109,473
66.04018707563249,587.0701904296875,1884.3246044839273,2471.3947949136145,1041.4787702777744,1041.4787702777742,0.934871972567754,444.0147645097787,474
66.18249683452011,586.6304321289062,1887.0009030389745,2473.631335167881,1043.7153105320403,1043.7153105320406,0.9348153751086021,444.94957988488727,475
66.32494342964227,586.1912841796875,1889.6770788418403,2475.868363021528,1045.9523383856874,1045.9523383856874,0.9347642212988446,445.8843441061861,476
66.46752765597492,585.7526245117188,1892.3531311793727,2478.1057556910914,1048.189731055251,1048.189731055251,0.9347108905818435,446.819054996768,477
66.61025017589735,585.3145141601562,1895.0290594573692,2480.343573617525,1050.427548981685,1050.4275489816848,0.9346575013701233,447.7537124981381,478
66.75311206935129,584.876953125,1897.7048627070417,2482.5818158320417,1052.6657911962013,1052.6657911962013,0.9345989770329213,448.688311475171,479
66.8961139810688,584.43994140625,1900.380540350019,2484.820481756269,1054.9044571204286,1054.9044571204288,0.9345392873586726,449.6228507625297,480
67.03925769688881,584.0034790039062,1903.0560907842712,2487.059569788177,1057.143545152337,1057.1435451523369,0.9344879437851242,450.55733870631485,481
67.1825440079679,583.5675659179688,1905.7315133000734,2489.299079218042,1059.3830545822018,1059.3830545822018,0.9344333183321193,451.491772024647,482
67.32597340396664,583.1321411132812,1908.4068074581633,2491.5389485714445,1061.6229239356041,1061.6229239356041,0.9343772697187949,452.4261492943658,483
67.46954712429557,582.6973266601562,1911.0819721466983,2493.7792988068545,1063.8632741710142,1063.8632741710142,0.9343263190496991,453.36047561341553,484
67.61326584878078,582.2630615234375,1913.7570067558252,2496.020068279263,1066.1040436434223,1066.1040436434225,0.93426431152705,454.2947399249426,485
67.75713001664134,581.829345703125,1916.4319108915315,2498.2612565946565,1068.3452319588162,1068.3452319588162,0.9342015794837398,455.2289415044263,486
67.90114190518192,581.3961791992188,1919.106682510907,2500.5028617101257,1070.5868370742853,1070.5868370742853,0.9341505596665305,456.16309206409284,487
68.04530204584415,580.963623046875,1921.7813211372095,2502.7449441840845,1072.8289195482441,1072.8289195482441,0.9340921900762817,457.0971842541691,488
68.18961089465759,580.5315551757812,1924.4558263613476,2504.987381537129,1075.0713569012885,1075.0713569012885,0.934033725528168,458.0312179796973,489
68.33407004507447,580.1001586914062,1927.1301967538764,2507.230355445283,1077.3143308094423,1077.3143308094425,0.9339741528981956,458.9651921325955,490
68.4786799505836,579.6692504882812,1929.8044319079836,2509.473682396265,1079.5576577604245,1079.5576577604245,0.9339099924637178,459.89910212505924,491
68.62344230144552,579.2389526367188,1932.4785303073804,2511.717482944099,1081.8014583082588,1081.8014583082588,0.9338538365607677,460.83295596162003,492
68.76835821377811,578.8092041015625,1935.1524909508275,2513.96169505239,1084.0456704165497,1084.0456704165497,0.9337968972079235,461.76675285882794,493
68.91342812234332,578.3800659179688,1937.8263134483113,2516.20637936628,1086.2903547304397,1086.2903547304397,0.9337392009714944,462.70049205979944,494
69.0586532124617,577.9514770507812,1940.4999967365115,2518.451473787293,1088.5354491514524,1088.5354491514524,0.9336828830159066,463.6341749428154,495
69.20403401469048,577.5234375,1943.1735403394796,2520.6969778394796,1090.7809532036392,1090.7809532036392,0.9336240813881266,464.5677990242035,496
69.34957145972801,577.0960693359375,1945.8469434223105,2522.943012758248,1093.0269881224076,1093.0269881224078,0.9335594228075086,465.501358447011,497
69.4952664264403,576.6692504882812,1948.5202051965966,2525.189455684878,1095.2734310490375,1095.2734310490375,0.9334961261453765,466.4348545731564,498
69.64112067956533,576.2430419921875,1951.1933240792384,2527.436366071426,1097.5203414355856,1097.5203414355858,0.9334395920674913,467.36829416522386,499
69.78713486070991,575.8173828125,1953.8662994946662,2529.6836823071662,1099.7676576713259,1099.7676576713259,0.9333789078914625,468.3016730731153,500
69.9333096508229,575.3923950195312,1956.5391308320202,2531.9315258515517,1102.015501215711,1102.0155012157113,0.9333193377332144,469.2349924108485,501
70.07964628515434,574.9678955078125,1959.211816983189,2534.1797124910017,1104.2636878551612,1104.2636878551614,0.9332552362027084,470.1682476470512,502
70.22614525097187,574.5440673828125,1961.8843575110584,2536.428424893871,1106.5124002580305,1106.5124002580308,0.9331886106923913,471.1014362577436,503
70.37280840991684,574.120849609375,1964.556750745598,2538.677600354973,1108.7615757191327,1108.7615757191327,0.9331309984324178,472.03456725617605,504
70.51963661033395,573.6981811523438,1967.2289959257814,2540.927177078125,1111.0111524422848,1111.0111524422848,0.9330704141584424,472.9676376703345,505
70.66663028253399,573.2761840820312,1969.9010926655872,2543.1772767476186,1113.261252111778,1113.2612521117783,0.9330086156788903,473.9006462860134,506
70.81379068546063,572.854736328125,1972.57303983565,2545.427776163775,1115.5117515279346,1115.5117515279346,0.932951938462455,474.83359822447585,507
70.96111841575166,572.433837890625,1975.244836900743,2547.678674791368,1117.7626501555276,1117.7626501555276,0.93289282098839,475.76649104546425,508
71.10861390759905,572.013671875,1977.9164834713629,2549.930155346363,1120.0141307105225,1120.0141307105225,0.9328246068962599,476.6993156523605,509
71.25627810024474,571.5940551757812,1980.5879787049407,2552.182033880722,1122.2660092448816,1122.2660092448816,0.932760069335683,477.6320757216962,510
71.40411278400063,571.1751098632812,1983.2593209954348,2554.434430858716,1124.5184062228757,1124.5184062228757,0.9327017597201436,478.56477748141634,511
71.55211830536666,570.7567138671875,1985.9305100320096,2556.6872238991973,1126.7711992633567,1126.771199263357,0.9326376582958213,479.4974151397122,512
71.70029543525514,570.3389282226562,1988.6015451230999,2558.940473345756,1129.0244487099158,1129.0244487099155,0.9325674321511414,480.4299825718633,513
71.84864538370545,569.9218139648438,1991.2724251832105,2561.1942391480543,1131.278214512214,1131.278214512214,0.9325011766547633,481.36248374851806,514
71.9971698194992,569.50537109375,1993.9431487153222,2563.4485198090724,1133.5324951732318,1133.532495173232,0.9324398172922407,482.2949235658103,515
72.14586930060426,569.0894165039062,1996.6137152188962,2565.7031317228025,1135.7871070869621,1135.7871070869621,0.9323744156170466,483.22729798142734,516
72.29474467987359,568.6741333007812,1999.2841239288614,2567.9582572296426,1138.0422325938023,1138.0422325938023,0.9323111336210138,484.15960911504834,517
72.44379710768804,568.259521484375,2001.9543738132406,2570.2138952976156,1140.2978706617753,1140.2978706617753,0.932250892627117,485.09186000767545,518
72.59302707880774,567.8455810546875,2004.6244644281978,2572.4700454828853,1142.554020847045,1142.554020847045,0.9321880907823693,486.0240480984578,519
72.74243523008963,567.43212890625,2007.2943952024254,2574.726524108675,1144.810499472835,1144.8104994728349,0.932117775325316,486.9561658737831,520
72.89202242670511,567.0194702148438,2009.964165359801,2576.9836355746447,1147.0676109388044,1147.0676109388044,0.9320495691532089,487.8882154429363,521
73.04179042842814,566.6073608398438,2012.6337733216774,2579.241134161521,1149.3251095256808,1149.3251095256808,0.9319880955112598,488.8202035384476,522
73.19173974316328,566.19580078125,2015.3032186324272,2581.499019413677,1151.5829947778368,1151.5829947778368,0.931921732157827,489.7521252706054,523
73.34187102223675,565.7850341796875,2017.9725007077627,2583.75753488745,1153.8415102516099,1153.8415102516099,0.931856560732275,490.6839818313377,524
73.49218550280708,565.3748779296875,2020.6416184378616,2586.016496367549,1156.1004717317087,1156.1004717317085,0.9317871944513129,491.615769025789,525
73.64268362665483,564.96533203125,2023.3105714264143,2588.2759034576643,1158.359878821824,1158.359878821824,0.9317236720653348,492.54749269785435,526
73.79336722286394,564.5564575195312,2025.9793580325977,2590.535815552129,1160.6197909162886,1160.6197909162886,0.9316601926665367,493.4791528905209,527
73.94423581681788,564.148193359375,2028.6479786821774,2592.7961720415524,1162.880147405712,1162.880147405712,0.9315855395449842,494.41073843006586,528
74.09529114908423,563.7406616210938,2031.3164318137367,2595.0570934348307,1165.14106879899,1165.1410687989903,0.931514234911781,495.34225266497765,529
74.24653449515799,563.333740234375,2033.984716283062,2597.318456517437,1167.4024318815966,1167.4024318815966,0.9314518093816702,496.2737044743593,530
74.39796700380649,562.927490234375,2036.6528310596254,2599.5803212940004,1169.66429665816,1169.66429665816,0.9313818634511719,497.2050863378105,531
74.54958852135603,562.5218505859375,2039.3207762812824,2601.84262686722,1171.9266022313795,1171.9266022313798,0.9313143414443376,498.13640067925485,532
74.70140131108602,562.1168823242188,2041.9885499177049,2604.1054322419236,1174.1894076060833,1174.1894076060833,0.9312521962602586,499.0676528755151,533
74.85340485417136,561.7125854492188,2044.6561524343176,2606.3687378835366,1176.452713247696,1176.4527132476962,0.9311856272324249,499.9988385027475,534
75.00560047635983,561.3088989257812,2047.3235826418272,2608.6324815676085,1178.716456931768,1178.716456931768,0.931120067749191,500.9299585704967,535
75.15798837235585,560.9058837890625,2049.9908403655686,2610.896724154631,1180.9806995187907,1180.9806995187907,0.931049445008704,501.8610080155054,536
75.31056965165327,560.5036010742188,2052.6579246102456,2613.1615256844643,1183.245501048624,1183.245501048624,0.9309756765681649,502.79198369207353,537
75.46334529220034,560.1019287109375,2055.3248344985655,2615.426763209503,1185.5107385736626,1185.5107385736626,0.9309028009810499,503.7228864930546,538
75.61631684754188,559.7009887695312,2057.991568636884,2617.6925574064153,1187.776532770575,1187.776532770575,0.9308350758865461,504.65372156894114,539
75.76948511560988,559.3006591796875,2060.658126309398,2619.9587854890856,1190.0427608532452,1190.0427608532452,0.9307653187232809,505.5844868876644,540
75.922850775331,558.9010009765625,2063.32450690706,2622.2255078836224,1192.309483247782,1192.309483247782,0.9306963195545425,506.51518320721897,541
76.0764149086928,558.501953125,2065.9907094592472,2624.4926625842472,1194.5766379484069,1194.5766379484069,0.9306306705122939,507.44581387773127,542
76.23017804706845,558.1036376953125,2068.656733489279,2626.7603711845913,1196.844346548751,1196.844346548751,0.9305548683220988,508.37636874605334,543
76.3841406977355,557.7060546875,2071.3225785420905,2629.0286332295905,1199.11260859375,1199.11260859375,0.9304799167872704,509.3068486628406,544
76.5383049676151,557.3091430664062,2073.9882427276175,2631.2973857940237,1201.3813611581834,1201.3813611581834,0.9304177196544533,510.237266382495,545
76.6926712115299,556.9129028320312,2076.6537257275586,2633.56662855959,1203.6506039237495,1203.6506039237495,0.9303465167451634,511.16761289924017,546
76.84723942845875,556.5172729492188,2079.319027542829,2635.836300492048,1205.9202758562076,1205.9202758562076,0.9302737407611436,512.0978866400013,547
77.00201138007955,556.1223754882812,2081.984146593075,2638.106522081356,1208.1904974455158,1208.1904974455158,0.9302029848408702,513.0280896248422,548
77.15698731772878,555.7282104492188,2084.6490826528284,2640.377293102047,1210.4612684662068,1210.4612684662068,0.9301264012339825,513.9582160260762,549
77.31216860368868,555.3346557617188,2087.3138345000216,2642.6484902617403,1212.7324656259,1212.7324656259,0.9300570069040438,514.8882730329802,550
77.46755640545612,554.9418334960938,2089.9784010873245,2644.9202345834183,1215.004209947578,1215.004209947578,0.9299891658569894,515.8182621988373,551
77.62315088337489,554.5496826171875,2092.6427822708965,2647.192464888084,1217.2764402522437,1217.2764402522437,0.9299173102614793,516.7481795090987,552
77.77895290453148,554.1582641601562,2095.3069772728973,2649.4652414330535,1219.5492167972131,1219.5492167972131,0.9298416569842435,517.6780211660829,553
77.93496326283879,553.7674560546875,2097.9709853811287,2651.738441435816,1221.8224167999758,1221.8224167999758,0.9297675023051784,518.607788668388,554
78.09118339336601,553.37744140625,2100.6348053082274,2654.0122467144774,1224.096222078637,1224.096222078637,0.929698592880632,519.5374872612687,555
78.24761381730538,552.988037109375,2103.298436586646,2656.286473696021,1226.3704490601806,1226.3704490601806,0.9296271545519854,520.4671144158207,556
78.40425506577917,552.599365234375,2105.961878739929,2658.561243974304,1228.6452193384637,1228.6452193384637,0.9295481659910776,521.3966625818117,557
78.56110804175376,552.2113647460938,2108.6251309580484,2660.836495704142,1230.9204710683018,1230.9204710683018,0.9294725812322306,522.3261351630439,558
78.7181744650201,551.8240966796875,2111.2881916982255,2663.112288377913,1233.1962637420727,1233.1962637420727,0.9294038924168986,523.2555390554608,559
78.87545465403574,551.4375610351562,2113.9510606747804,2665.3886217099366,1235.4725970740963,1235.4725970740963,0.9293302931361911,524.184869348597,560
79.03294914068081,551.0516357421875,2116.6137374105774,2667.665373152765,1237.7493485169246,1237.7493485169246,0.9292586195468484,525.1141279681439,561
79.1906590201706,550.66650390625,2119.2762209231273,2669.9427248293773,1240.026700193537,1240.026700193537,0.9291832350702851,526.0433112032141,562
79.34858449101556,550.2821044921875,2121.938511034352,2672.2206155265394,1242.304590890699,1242.304590890699,0.9291047582346171,526.9724159614487,563
79.50672719742214,549.8983764648438,2124.6006062692777,2674.4989827341215,1244.582958098281,1244.582958098281,0.9290356332891399,527.9014515947379,564
79.6650878321749,549.5153198242188,2127.2625060064242,2676.777825830643,1246.8618011948026,1246.8618011948026,0.928964163940764,528.8304157586787,565
79.82366644986625,549.1329956054688,2129.9242101968193,2679.057205802288,1249.1411811664477,1249.1411811664477,0.928881918554906,529.7592976772336,566
79.98246409069928,548.7514038085938,2132.585717907324,2681.337121715918,1251.4210970800775,1251.4210970800775,0.9288061877389937,530.6881038649726,567
80.0,548.7094116210938,2132.879196296998,2681.588607918092,1251.6725832822515,1251.6725832822515,0.10241643242132034,530.790520297394,568
