time,control_id,stage
0.0,mainstem_mid,0.78
0.11024999618530273,mainstem_mid,0.7803645928700765
0.22552120042560944,mainstem_mid,0.781044085820516
0.34083378438774486,mainstem_mid,0.7820169130961101
0.4561732277010395,mainstem_mid,0.7832636833190918
0.5715280086533073,mainstem_mid,0.7847653230031332
0.6868918105424315,mainstem_mid,0.7865035533905029
0.802262354921566,mainstem_mid,0.7884604136149089
0.9176366950110963,mainstem_mid,0.7906186580657959
1.0330135071201163,mainstem_mid,0.7929615179697673
1.148386976831708,mainstem_mid,0.7954728603363037
1.263749340920678,mainstem_mid,0.7981367905934652
1.3790932078643179,mainstem_mid,0.8009374936421713
1.4944141386353533,mainstem_mid,0.8038604259490967
1.6097098708011335,mainstem_mid,0.8068912823994955
1.724982648992793,mainstem_mid,0.8100165526072185
1.8402385581187268,mainstem_mid,0.8132235209147136
1.9554811878230756,mainstem_mid,0.8164994716644287
2.070704249941241,mainstem_mid,0.8198322455088298
2.185908557783925,mainstem_mid,0.8224921226501465
2.3010661171372897,mainstem_mid,0.8251616954803467
2.4161726486681427,mainstem_mid,0.8278308709462484
2.5312387245055445,mainstem_mid,0.8304910659790039
2.6462735694924473,mainstem_mid,0.833133856455485
2.7612747404629463,mainstem_mid,0.8357517719268799
2.876250150127742,mainstem_mid,0.8383376598358154
2.991189518393589,mainstem_mid,0.840876579284668
3.1060212423212694,mainstem_mid,0.8433595498402914
3.2208150085715745,mainstem_mid,0.8457820415496826
3.335555457798801,mainstem_mid,0.8481388092041016
3.450266209042901,mainstem_mid,0.8504257996877035
3.5649473562617846,mainstem_mid,0.852639357248942
3.679600593881587,mainstem_mid,0.8547762235005696
3.794256392484659,mainstem_mid,0.8568342526753743
3.908918897433798,mainstem_mid,0.8588112990061442
4.0235913444445,mainstem_mid,0.8607053756713867
4.138215406742038,mainstem_mid,0.8625143369038899
4.252776907059156,mainstem_mid,0.8642367521921793
4.367280690484798,mainstem_mid,0.8658722241719563
4.481734069542042,mainstem_mid,0.8674202760060628
4.596140928850728,mainstem_mid,0.8688809076944987
4.710507801325464,mainstem_mid,0.8702545960744221
4.824841232861282,mainstem_mid,0.8715422948201497
4.939147352339863,mainstem_mid,0.8727449576059977
5.053434142135259,mainstem_mid,0.873863935470581
5.1677029393266185,mainstem_mid,0.8749001026153564
5.281938492654908,mainstem_mid,0.8758548100789387
5.3961446587661746,mainstem_mid,0.8767298062642415
5.5103248417061295,mainstem_mid,0.877526839574178
5.624485258396822,mainstem_mid,0.878247578938802
5.738627857587118,mainstem_mid,0.8788938522338867
5.852757357768914,mainstem_mid,0.8794673283894856
5.966875541240866,mainstem_mid,0.8799700736999512
6.080984811271217,mainstem_mid,0.8804041544596354
6.1950858278787395,mainstem_mid,0.8807714780171711
6.309178181095984,mainstem_mid,0.881074031194051
6.42326106930027,mainstem_mid,0.8813141187032063
6.537333464388308,mainstem_mid,0.8814931710561116
6.651394602279894,mainstem_mid,0.8816134929656982
6.765443625597148,mainstem_mid,0.8816767533620198
6.879479559834914,mainstem_mid,0.8816850980122883
6.993497995327227,mainstem_mid,0.8816397190093994
7.107495501313745,mainstem_mid,0.8815431594848633
7.221469314087653,mainstem_mid,0.881397008895874
7.335416927429209,mainstem_mid,0.8812031745910645
7.449335883440309,mainstem_mid,0.8809639612833658
7.563224397398432,mainstem_mid,0.8806807200113932
7.677081917040024,mainstem_mid,0.8803555965423584
7.790908910124215,mainstem_mid,0.8799901803334553
7.904706370614309,mainstem_mid,0.8795860608418782
8.01847527976014,mainstem_mid,0.8791447480519612
8.13221824931895,mainstem_mid,0.8786677519480387
8.24593849156376,mainstem_mid,0.878156820933024
8.359639647567276,mainstem_mid,0.8776134649912516
8.473323207170928,mainstem_mid,0.8770388762156168
8.586991181443011,mainstem_mid,0.8764346440633137
8.700645220722308,mainstem_mid,0.8758021195729573
8.814287429924677,mainstem_mid,0.8751420974731445
8.927919160101162,mainstem_mid,0.8744564056396484
9.041541498897264,mainstem_mid,0.873746395111084
9.15513938499192,mainstem_mid,0.8730130195617676
9.268701062500735,mainstem_mid,0.8722574710845947
9.382225299161396,mainstem_mid,0.8714816570281982
9.495711176152277,mainstem_mid,0.8706865310668945
9.609158205768182,mainstem_mid,0.8698728084564209
9.72256620592933,mainstem_mid,0.8690416018168131
9.835935376927367,mainstem_mid,0.8681941032409668
9.949265938663004,mainstem_mid,0.8673311074574788
10.062558105707303,mainstem_mid,0.8664542039235432
10.175812146709157,mainstem_mid,0.8655641078948975
10.289029022971913,mainstem_mid,0.8646618525187174
10.402211264565356,mainstem_mid,0.8637481530507405
10.515360765695425,mainstem_mid,0.8628237247467041
10.628479456506417,mainstem_mid,0.8618896802266438
10.741611301417649,mainstem_mid,0.8609466552734375
10.854705090451477,mainstem_mid,0.8599960803985596
10.967771246902117,mainstem_mid,0.8590390682220459
11.080843407589386,mainstem_mid,0.858076016108195
11.193876155272886,mainstem_mid,0.8571089108784993
11.306901158102603,mainstem_mid,0.8561374346415201
11.419908596332368,mainstem_mid,0.8551629384358723
11.532905098736798,mainstem_mid,0.854186216990153
11.645884494250764,mainstem_mid,0.8532083034515381
11.75887414215393,mainstem_mid,0.8522296746571858
11.871820047291072,mainstem_mid,0.85125199953715
11.984754516012874,mainstem_mid,0.8502748807271322
12.097654733701829,mainstem_mid,0.8492996692657471
12.210522589215415,mainstem_mid,0.8483263651529948
12.32336072617067,mainstem_mid,0.8473560015360514
12.43617132377429,mainstem_mid,0.8463896910349528
12.54895586724448,mainstem_mid,0.8454275131225586
12.661715999438146,mainstem_mid,0.8444700241088867
12.774453595100839,mainstem_mid,0.843518336613973
12.887169375185763,mainstem_mid,0.8425734837849935
12.999864744365171,mainstem_mid,0.8416358629862467
13.112540163431865,mainstem_mid,0.8407057126363119
13.22519576790984,mainstem_mid,0.8397832711537679
13.33783205484789,mainstem_mid,0.8388689359029134
13.450449643660953,mainstem_mid,0.837963342666626
13.5630483183175,mainstem_mid,0.8370668888092041
13.67562754570674,mainstem_mid,0.8361802895863851
13.788187473562052,mainstem_mid,0.8353038628896078
13.900728136143455,mainstem_mid,0.8344383239746094
14.013248899511115,mainstem_mid,0.8335839112599691
14.125750619185531,mainstem_mid,0.8327410221099854
14.238234727053563,mainstem_mid,0.8319103717803955
14.350702273682163,mainstem_mid,0.8322025934855144
14.463154353583551,mainstem_mid,0.8313669363657634
14.575592032971455,mainstem_mid,0.8316432634989421
14.688016834316006,mainstem_mid,0.8313477039337158
14.800430798041502,mainstem_mid,0.8315874735514324
14.91283488364235,mainstem_mid,0.8307217756907146
15.025229839653946,mainstem_mid,0.8309452533721924
15.137617675773106,mainstem_mid,0.8311492602030437
15.249999710763673,mainstem_mid,0.8307926654815674
15.362376709511413,mainstem_mid,0.8309717178344727
15.474750048230081,mainstem_mid,0.8311354319254558
15.587120170585635,mainstem_mid,0.8307464122772217
15.699485442934638,mainstem_mid,0.8308967749277751
15.811847265911,mainstem_mid,0.8310312430063884
15.924209007452811,mainstem_mid,0.8311544259389242
16.03657423422303,mainstem_mid,0.8307288487752279
16.148944926088987,mainstem_mid,0.8308466275533041
16.26132134178053,mainstem_mid,0.8309572537740072
16.37370334349397,mainstem_mid,0.8310619990030925
16.4860921463861,mainstem_mid,0.8311622937520345
16.598488062466647,mainstem_mid,0.8312580585479736
16.710890444459203,mainstem_mid,0.8313518365224203
16.823299002376555,mainstem_mid,0.8314448197682699
16.935713248518823,mainstem_mid,0.8315382798512777
17.04813260298602,mainstem_mid,0.831632932027181
17.160556660594967,mainstem_mid,0.831729809443156
17.272989831556224,mainstem_mid,0.8318295478820801
17.38543445244736,mainstem_mid,0.8319331804911296
17.49788973067291,mainstem_mid,0.8320409456888835
17.610355232602817,mainstem_mid,0.8321535587310791
17.722831929796985,mainstem_mid,0.8322717348734539
17.835320967378035,mainstem_mid,0.832396427790324
17.94782367473407,mainstem_mid,0.8325278759002686
18.060274919965206,mainstem_mid,0.8326664765675863
18.17267666005663,mainstem_mid,0.8328124682108561
18.285035098451786,mainstem_mid,0.8329662481943766
18.397354851920873,mainstem_mid,0.8331280549367269
18.509639707479042,mainstem_mid,0.833298126856486
18.621891442064285,mainstem_mid,0.8334770202636719
18.734113016000855,mainstem_mid,0.8336644967397054
18.846306532962796,mainstem_mid,0.8338610331217448
18.958473730944647,mainstem_mid,0.8340669473012289
19.070613991768433,mainstem_mid,0.8342822392781576
19.18272791001961,mainstem_mid,0.8345074653625488
19.294817408457014,mainstem_mid,0.8347424666086832
19.406884708632997,mainstem_mid,0.8349872430165609
19.5189312356328,mainstem_mid,0.8352418740590414
19.630957921917204,mainstem_mid,0.8355065981547037
19.742965722165525,mainstem_mid,0.8357814947764078
19.854955997023016,mainstem_mid,0.8360669612884521
19.966928238744593,mainstem_mid,0.836363156636556
20.078883825774824,mainstem_mid,0.8366700808207194
20.190825011622017,mainstem_mid,0.8369878927866617
20.302753805650138,mainstem_mid,0.8373165925343832
20.414671559161835,mainstem_mid,0.8376563390096029
20.526578767290342,mainstem_mid,0.8380072116851807
20.638475768865582,mainstem_mid,0.8383696873982748
20.75036333748735,mainstem_mid,0.8387433687845866
20.86224434829256,mainstem_mid,0.8391287326812744
20.974121125077907,mainstem_mid,0.8395257790883383
21.085995908962676,mainstem_mid,0.8399345874786377
21.19787080755839,mainstem_mid,0.8403553167978922
21.309747844934748,mainstem_mid,0.8407880465189616
21.421628630708057,mainstem_mid,0.8412328561147054
21.533514420704453,mainstem_mid,0.8416894276936849
21.645406717335035,mainstem_mid,0.8421578407287598
21.757307393501193,mainstem_mid,0.8412085374196371
21.86915127483369,mainstem_mid,0.8417414029439291
21.981006507145892,mainstem_mid,0.8422870635986328
22.0928924099827,mainstem_mid,0.8428452014923096
22.204798095809142,mainstem_mid,0.841960589090983
22.31665664103557,mainstem_mid,0.8425843715667725
22.428536986921415,mainstem_mid,0.8432206312815348
22.540462675123823,mainstem_mid,0.8431331316630045
22.65239361973455,mainstem_mid,0.843813975652059
22.764356016551787,mainstem_mid,0.8430209954579672
22.87629371366808,mainstem_mid,0.8437661329905192
22.98826630689834,mainstem_mid,0.8437759876251221
23.100259816433198,mainstem_mid,0.8445641199747721
23.212301826252826,mainstem_mid,0.843855619430542
23.32433084424409,mainstem_mid,0.8447059790293375
23.43640281719423,mainstem_mid,0.8440512816111246
23.548469605108465,mainstem_mid,0.8449627558390299
23.66058717227906,mainstem_mid,0.8443603515625
23.772703209728764,mainstem_mid,0.8453324635823568
23.884873193287103,mainstem_mid,0.8447802066802979
23.997043001405537,mainstem_mid,0.8450459639231364
24.109235138781777,mainstem_mid,0.8445706367492676
24.221428452806354,mainstem_mid,0.8456796805063883
24.333687314784513,mainstem_mid,0.8452492554982504
24.445956610589054,mainstem_mid,0.8448696136474609
24.558224019482484,mainstem_mid,0.8460822900136312
24.670561671060067,mainstem_mid,0.8457428614298502
24.78291545879753,mainstem_mid,0.8454519907633463
24.895269543671812,mainstem_mid,0.8459867636362711
25.007665349328168,mainstem_mid,0.8457607428232828
25.12007869189344,mainstem_mid,0.8455806573232015
25.23250449905131,mainstem_mid,0.8462262948354086
25.34497956215242,mainstem_mid,0.8461052576700846
25.45745200232767,mainstem_mid,0.8475951353708903
25.569950985316744,mainstem_mid,0.8474814891815186
25.682473183095837,mainstem_mid,0.8474088509877523
25.794957606129035,mainstem_mid,0.8473686377207438
25.907416194802874,mainstem_mid,0.8473681608835856
26.019842092850055,mainstem_mid,0.8473985195159912
26.132242620930185,mainstem_mid,0.8474672635396322
26.244580587237227,mainstem_mid,0.8475563526153564
26.35689517413362,mainstem_mid,0.847681999206543
26.469180118463637,mainstem_mid,0.8478431701660156
26.58142504721652,mainstem_mid,0.8480215867360433
26.693666860942255,mainstem_mid,0.8482333819071451
26.805899740480104,mainstem_mid,0.8484779198964437
26.918091801290135,mainstem_mid,0.8487369219462076
27.030292283371136,mainstem_mid,0.8490266799926758
27.142447300863804,mainstem_mid,0.8493286768595377
27.254612486235352,mainstem_mid,0.8496594429016113
27.36673253070639,mainstem_mid,0.8500006993611654
27.478863255245376,mainstem_mid,0.8503691355387369
27.590952854487366,mainstem_mid,0.8507466316223145
27.70306236270815,mainstem_mid,0.8511497179667155
27.815132684643512,mainstem_mid,0.8515594005584717
27.927163147545215,mainstem_mid,0.8519759972890217
28.039219654905818,mainstem_mid,0.8524163564046223
28.151239591158152,mainstem_mid,0.8528618812561035
28.26322350988124,mainstem_mid,0.8533121744791666
28.375247586136894,mainstem_mid,0.8537840843200684
28.487230960793376,mainstem_mid,0.8542596499125162
28.59918048588293,mainstem_mid,0.8547383944193522
28.71117133207464,mainstem_mid,0.8552378018697102
28.82311976325516,mainstem_mid,0.8557391961415608
28.93504523683628,mainstem_mid,0.8562425772349039
29.046940656278156,mainstem_mid,0.8567472298940022
29.158811750002183,mainstem_mid,0.8572534720102946
29.27072522986572,mainstem_mid,0.8577785491943359
29.382594853605895,mainstem_mid,0.8583037058512369
29.494448999978335,mainstem_mid,0.8588290214538574
29.606282332467277,mainstem_mid,0.8593541781107584
29.718086616545673,mainstem_mid,0.8598790168762207
29.829867048552497,mainstem_mid,0.8604035377502441
29.941618484613134,mainstem_mid,0.8609281380971272
30.053345992035865,mainstem_mid,0.8614522616068522
30.16504720239718,mainstem_mid,0.8619758288065592
30.276724595035642,mainstem_mid,0.862498919169108
30.38838030947777,mainstem_mid,0.8630215326944987
30.500017136739334,mainstem_mid,0.8635430335998535
30.611632849958067,mainstem_mid,0.864063819249471
30.72322925581176,mainstem_mid,0.8645834922790527
30.834805935159352,mainstem_mid,0.8651024500528971
30.946363100930995,mainstem_mid,0.8656200567881266
31.057900633042802,mainstem_mid,0.8661365509033203
31.169418945332534,mainstem_mid,0.8666517734527588
31.28091793529878,mainstem_mid,0.8671658039093018
31.392397035076087,mainstem_mid,0.8676786422729492
31.503855618755388,mainstem_mid,0.8681899706522623
31.615293528402923,mainstem_mid,0.8687000274658203
31.72671049738948,mainstem_mid,0.8692086537679036
31.83810598537671,mainstem_mid,0.8697153727213541
31.949478915755176,mainstem_mid,0.8702200253804524
32.06082851553252,mainstem_mid,0.8707228501637776
32.17215402382844,mainstem_mid,0.8712234497070312
32.28345491974717,mainstem_mid,0.8717210292816162
32.39473064484054,mainstem_mid,0.8722160657246907
32.50598081696291,mainstem_mid,0.8727084000905354
32.61720495528043,mainstem_mid,0.8731980323791504
32.728402675970386,mainstem_mid,0.8736838499704996
32.83949846715067,mainstem_mid,0.8741655349731445
32.950577673050546,mainstem_mid,0.8746426900227864
33.0616316930577,mainstem_mid,0.8751148382822672
33.17264588579465,mainstem_mid,0.8755819002787272
33.28363950015544,mainstem_mid,0.876043955485026
33.3946038181676,mainstem_mid,0.8765004475911458
33.50550649601375,mainstem_mid,0.876951773961385
33.616388901230394,mainstem_mid,0.8773970603942871
33.72724554079999,mainstem_mid,0.8778359889984131
33.83807286525266,mainstem_mid,0.878268798192342
33.94879722061735,mainstem_mid,0.8786944548288981
34.05950622380641,mainstem_mid,0.8791120052337646
34.170192965826246,mainstem_mid,0.8795220057169596
34.28084190282114,mainstem_mid,0.8799242178599039
34.39147200443136,mainstem_mid,0.8803190390268961
34.50199504669048,mainstem_mid,0.8807055950164795
34.61250705256711,mainstem_mid,0.8810830116271973
34.722991056926816,mainstem_mid,0.8814515272776285
34.83344776815611,mainstem_mid,0.881810983022054
34.943883956737366,mainstem_mid,0.8821614583333333
35.054217896553425,mainstem_mid,0.8825027147928873
35.16454232657125,mainstem_mid,0.8828330834706624
35.27484135229303,mainstem_mid,0.883152961730957
35.38511614938599,mainstem_mid,0.8834624290466309
35.49533054541765,mainstem_mid,0.883761723836263
35.60553135463319,mainstem_mid,0.8840507666269938
35.71566812253031,mainstem_mid,0.8843288421630859
35.825789989802054,mainstem_mid,0.8845961888631184
35.93588943270233,mainstem_mid,0.8848522504170735
36.045883890832805,mainstem_mid,0.8850975036621094
36.1558708865756,mainstem_mid,0.8853309154510498
36.26583228425209,mainstem_mid,0.8855524063110352
36.37577349452386,mainstem_mid,0.8857616583506266
36.48561087204197,mainstem_mid,0.8859591484069824
36.59544279020488,mainstem_mid,0.8861437638600667
36.70525190190166,mainstem_mid,0.886315902074178
36.815040331021414,mainstem_mid,0.8864751656850178
36.92472460132785,mainstem_mid,0.8866220315297444
37.03440310077551,mainstem_mid,0.886755625406901
37.14406020423516,mainstem_mid,0.8868757883707682
37.25369661556609,mainstem_mid,0.8869832356770833
37.36322720602331,mainstem_mid,0.8870775699615479
37.47275220816765,mainstem_mid,0.8871579964955647
37.5822570524803,mainstem_mid,0.8872246742248535
37.69174087401569,mainstem_mid,0.8872780005137125
37.801117877789274,mainstem_mid,0.8873181343078613
37.91048958108988,mainstem_mid,0.8873438835144043
38.01984114424909,mainstem_mid,0.8873558044433594
38.12917274355593,mainstem_mid,0.8873543739318848
38.23839694999709,mainstem_mid,0.8873399098714192
38.347616417477724,mainstem_mid,0.8873113791147867
38.456811077317276,mainstem_mid,0.8872681458791096
38.56598787007475,mainstem_mid,0.8872111638387044
38.675054029796065,mainstem_mid,0.8871409893035889
38.78411907916338,mainstem_mid,0.8870562712351481
38.89315760864429,mainstem_mid,0.8869575659434
39.00217874223074,mainstem_mid,0.8868446350097656
39.11108850738253,mainstem_mid,0.8867181142171223
39.219998241031256,mainstem_mid,0.8865765730539957
39.32888350808304,mainstem_mid,0.8864206473032633
39.437750839765236,mainstem_mid,0.8862507343292236
39.54650533491689,mainstem_mid,0.8860673904418945
39.655260031191574,mainstem_mid,0.8858699798583984
39.76399220067717,mainstem_mid,0.8856588999430338
39.872705381401275,mainstem_mid,0.8854343891143799
39.981306034317136,mainstem_mid,0.8851970036824544
40.08990780006106,mainstem_mid,0.8849450747172037
40.19849069457705,mainstem_mid,0.884679635365804
40.30705285630195,mainstem_mid,0.8844006061553955
40.415555093535986,mainstem_mid,0.8841087818145752
40.52405275365231,mainstem_mid,0.8838030497233073
40.63253704758383,mainstem_mid,0.8834844430287678
40.74090584024983,mainstem_mid,0.8831534385681152
40.84928807823642,mainstem_mid,0.8828089237213135
40.95763709583499,mainstem_mid,0.882451057434082
41.06597160846603,mainstem_mid,0.8820803165435791
41.17424300059087,mainstem_mid,0.8816972573598225
41.28251498516885,mainstem_mid,0.8813016414642334
41.39077206857126,mainstem_mid,0.8808939456939697
41.498912423678085,mainstem_mid,0.8804744879404703
41.607066776436604,mainstem_mid,0.8800421555836995
41.71519291377827,mainstem_mid,0.8795975844065348
41.82330282600388,mainstem_mid,0.8791409333546956
41.93140384697622,mainstem_mid,0.8786728382110596
42.03944525555791,mainstem_mid,0.8781931400299072
42.1474946217472,mainstem_mid,0.8777022361755371
42.2555280680736,mainstem_mid,0.877200444539388
42.36355021911581,mainstem_mid,0.8766878445943196
42.47146676613486,mainstem_mid,0.8788665135701497
42.57953402018337,mainstem_mid,0.8782307306925455
42.68751951808129,mainstem_mid,0.8775852521260579
42.7955100613524,mainstem_mid,0.8769302368164062
42.90350487426647,mainstem_mid,0.8776134649912516
43.01142830548871,mainstem_mid,0.8796180884043375
43.11960837523057,mainstem_mid,0.8788081804911295
43.22759935953568,mainstem_mid,0.8779936631520588
43.33557637098171,mainstem_mid,0.8771727879842122
43.443563990199046,mainstem_mid,0.8790698051452637
43.55167805536748,mainstem_mid,0.878148078918457
43.65972566641685,mainstem_mid,0.8772246042887369
43.767746572960355,mainstem_mid,0.8790183862050374
43.8758116678843,mainstem_mid,0.8779908021291096
43.98384412109215,mainstem_mid,0.879713217417399
44.09188028532975,mainstem_mid,0.8786086241404215
44.19990412807973,mainstem_mid,0.8788910706837971
44.307917137369714,mainstem_mid,0.8777658144632975
44.415921154969496,mainstem_mid,0.8793905576070149
44.523916852229725,mainstem_mid,0.8781731128692627
44.63190433041287,mainstem_mid,0.8797298272450764
44.739885299712526,mainstem_mid,0.8784481684366862
44.84786129480923,mainstem_mid,0.8799402713775635
44.955834618187374,mainstem_mid,0.8785756429036458
45.0638070316655,mainstem_mid,0.878628651301066
45.17177927636773,mainstem_mid,0.8800381024678547
45.27975080253204,mainstem_mid,0.8785810470581055
45.38772105508888,mainstem_mid,0.8799413045247395
45.49569013458839,mainstem_mid,0.879846175511678
45.60365819644866,mainstem_mid,0.8783290386199951
45.71162506077284,mainstem_mid,0.879638671875
45.81959063670348,mainstem_mid,0.8808904488881428
45.92755481968725,mainstem_mid,0.8792446454366047
46.03551777263561,mainstem_mid,0.8804630438486735
46.14347925782628,mainstem_mid,0.8816307385762532
46.25143935929814,mainstem_mid,0.8798871040344238
46.3593979663336,mainstem_mid,0.8810208638509114
46.46735502963855,mainstem_mid,0.8792455991109211
46.57531047601046,mainstem_mid,0.880358060201009
46.68326521752796,mainstem_mid,0.8814213275909424
46.791220319271616,mainstem_mid,0.8824388980865479
46.8991763377349,mainstem_mid,0.8805014292399088
47.00713505316118,mainstem_mid,0.8815043767293294
47.11509834515187,mainstem_mid,0.8824657599131266
47.22306699906359,mainstem_mid,0.8819182713826497
47.331041643735404,mainstem_mid,0.882828950881958
47.43902290564661,mainstem_mid,0.8807574907938639
47.547011416843354,mainstem_mid,0.8816510041554768
47.65500776869502,mainstem_mid,0.8825018405914307
47.763013023044614,mainstem_mid,0.8833118279774983
47.87102774182837,mainstem_mid,0.8840861320495605
47.97905121763514,mainstem_mid,0.8818316459655762
48.08708380429131,mainstem_mid,0.8826057116190592
48.19512620841455,mainstem_mid,0.8833417097727457
48.30317963357422,mainstem_mid,0.8840445677439371
48.41124590603609,mainstem_mid,0.8847073713938395
48.51932670450221,mainstem_mid,0.8823140462239583
48.627321938889935,mainstem_mid,0.882983922958374
48.7352751801866,mainstem_mid,0.8836175600687662
48.84311955311447,mainstem_mid,0.8842194080352783
48.950947576500354,mainstem_mid,0.8847830295562744
49.05880598040576,mainstem_mid,0.8853098551432291
49.16666892141344,mainstem_mid,0.8827614784240723
49.274401714056864,mainstem_mid,0.8833018938700358
49.3821105279446,mainstem_mid,0.8838094075520833
49.489842850541805,mainstem_mid,0.8842848936716715
49.59745051221037,mainstem_mid,0.8847324053446451
49.70503506524154,mainstem_mid,0.8851447900136311
49.81264866848782,mainstem_mid,0.8855239550272623
49.92026283984628,mainstem_mid,0.885871410369873
50.02786156022086,mainstem_mid,0.8846572240193684
50.135385715278105,mainstem_mid,0.8849858442942301
50.24289733149126,mainstem_mid,0.8852850596110026
50.35040945959001,mainstem_mid,0.8855556646982828
50.4579125159398,mainstem_mid,0.885798454284668
50.565396791018905,mainstem_mid,0.8860140641530354
50.67286100729116,mainstem_mid,0.8846697807312012
50.780249459199105,mainstem_mid,0.8848756949106852
50.88763061198454,mainstem_mid,0.8850564956665039
50.99501463796928,mainstem_mid,0.885212500890096
51.10239070779722,mainstem_mid,0.8853438695271809
51.20975397166959,mainstem_mid,0.8854504426320393
51.31710338459386,mainstem_mid,0.8855330149332682
51.424439618187115,mainstem_mid,0.8855916659037272
51.531762518976365,mainstem_mid,0.885627031326294
51.63907134327001,mainstem_mid,0.8856388727823893
51.746365617929015,mainstem_mid,0.8856275876363118
51.8536462342907,mainstem_mid,0.8855930964152018
51.96091491711372,mainstem_mid,0.8855359554290771
52.068173973510525,mainstem_mid,0.8854560852050781
52.175426062882615,mainstem_mid,0.8853539625803629
52.282673632953816,mainstem_mid,0.8852292696634928
52.389918874023934,mainstem_mid,0.8850828011830647
52.497163486698945,mainstem_mid,0.8849142392476399
52.604409112864595,mainstem_mid,0.8847242991129557
52.71165737539252,mainstem_mid,0.8845132191975911
52.8189096086465,mainstem_mid,0.884280761082967
52.926167897244454,mainstem_mid,0.8840270042419434
53.03343415790565,mainstem_mid,0.8837526639302571
53.140709853667616,mainstem_mid,0.8834578196207682
53.247997690617424,mainstem_mid,0.8831427097320557
53.35529906545982,mainstem_mid,0.882807731628418
53.46261407860913,mainstem_mid,0.8824532826741536
53.569943593665826,mainstem_mid,0.8820794423421223
53.67728917404139,mainstem_mid,0.881686766942342
53.78465154090671,mainstem_mid,0.8812754948933919
53.89203108959967,mainstem_mid,0.8808458646138508
53.99942805343758,mainstem_mid,0.8803982734680176
54.10684263171064,mainstem_mid,0.8799330393473307
54.214274976890096,mainstem_mid,0.8794507185618082
54.32172518788223,mainstem_mid,0.8789515495300293
54.42919327566171,mainstem_mid,0.8784360885620117
54.536679197669905,mainstem_mid,0.8779043356577555
54.6441828688731,mainstem_mid,0.8773569266001383
54.751704310901474,mainstem_mid,0.8767943382263184
54.85924368495281,mainstem_mid,0.8762166500091553
54.966801217417675,mainstem_mid,0.8756243387858073
55.0743771543833,mainstem_mid,0.8750179608662922
55.18197175036948,mainstem_mid,0.8743980725606282
55.28958526943276,mainstem_mid,0.8737653096516926
55.397217958157725,mainstem_mid,0.8731199900309244
55.504870156847176,mainstem_mid,0.8724624315897623
55.612542252853444,mainstem_mid,0.8717931111653645
55.720234641030544,mainstem_mid,0.8711120287577311
55.82794770220375,mainstem_mid,0.8704203764597574
55.935681778465565,mainstem_mid,0.869718074798584
56.04343725200312,mainstem_mid,0.8690057595570881
56.1512144821966,mainstem_mid,0.8682838280995686
56.25901376039179,mainstem_mid,0.8675526777903239
56.36683527926823,mainstem_mid,0.8668129444122314
56.47467914920824,mainstem_mid,0.8660647869110107
56.58254557243668,mainstem_mid,0.865308920542399
56.690434825288214,mainstem_mid,0.864545742670695
56.79834719843821,mainstem_mid,0.8637759685516357
56.90628274553278,mainstem_mid,0.8630000750223795
57.01424140988838,mainstem_mid,0.8622182210286458
57.12222302458047,mainstem_mid,0.8614309628804524
57.230227445514366,mainstem_mid,0.8606390158335367
57.338254450724435,mainstem_mid,0.8598426183064778
57.446303821766705,mainstem_mid,0.8590421676635742
57.55437530494652,mainstem_mid,0.8582382202148438
57.662468593335625,mainstem_mid,0.857431173324585
57.770583371253046,mainstem_mid,0.856621503829956
57.87871941336546,mainstem_mid,0.8558095296223958
57.98687642863372,mainstem_mid,0.8549959659576416
58.09505412515542,mainstem_mid,0.8541811307271321
58.203252264194354,mainstem_mid,0.853365421295166
58.31147070880938,mainstem_mid,0.8525489966074625
58.41971002174952,mainstem_mid,0.8517324129740397
58.527970712364464,mainstem_mid,0.8509161472320557
58.6362526954641,mainstem_mid,0.8501008351643881
58.74455588922978,mainstem_mid,0.8492871125539144
58.85288054363884,mainstem_mid,0.8484753767649332
58.9612272828473,mainstem_mid,0.8476659456888834
59.06959631184911,mainstem_mid,0.8468592961629232
59.177986931129524,mainstem_mid,0.846055825551351
59.28639884901231,mainstem_mid,0.8452558517456055
59.39482249288408,mainstem_mid,0.8444599310557047
59.5032477252012,mainstem_mid,0.8436683813730875
59.61167501576871,mainstem_mid,0.8428816795349121
59.720104934757266,mainstem_mid,0.8420998255411783
59.82853814465197,mainstem_mid,0.8413236141204834
59.93697522144908,mainstem_mid,0.8405532042185465
60.04541668373314,mainstem_mid,0.8397891521453857
60.15386301278656,mainstem_mid,0.8390315373738607
60.262314702271006,mainstem_mid,0.8382805983225504
60.37077219166313,mainstem_mid,0.8375369707743326
60.479235958399734,mainstem_mid,0.8368008931477865
60.5877064636443,mainstem_mid,0.8360726833343506
60.69618421096184,mainstem_mid,0.8353521823883057
60.80466973903389,mainstem_mid,0.8346400260925293
60.9131635928479,mainstem_mid,0.8339364528656006
61.021666290085896,mainstem_mid,0.8332417011260986
61.13017827470492,mainstem_mid,0.8325563271840414
61.23869991091284,mainstem_mid,0.8318805694580078
61.34723147883581,mainstem_mid,0.8312147458394369
61.45577318979318,mainstem_mid,0.8305590152740479
61.564325186236,mainstem_mid,0.8299136956532797
61.672887540766524,mainstem_mid,0.8292791843414307
61.78146029138024,mainstem_mid,0.8286558787027996
61.89004338143436,mainstem_mid,0.8280436197916667
61.99863681175889,mainstem_mid,0.8274427254994711
62.10724062360283,mainstem_mid,0.8268536726633708
62.21585490548126,mainstem_mid,0.8262763818105062
62.324479789725125,mainstem_mid,0.8257111708323162
62.433115457415035,mainstem_mid,0.8251579602559408
62.54176211258828,mainstem_mid,0.8246174653371176
62.65041997208173,mainstem_mid,0.824089765548706
62.759089317049835,mainstem_mid,0.8235749403635662
62.867770452259954,mainstem_mid,0.8230729897816976
62.97646364266421,mainstem_mid,0.8225841522216797
63.085169133350284,mainstem_mid,0.8221089045206706
63.193887205029135,mainstem_mid,0.8216468493143718
63.302618195479724,mainstem_mid,0.821198304494222
63.411362504679644,mainstem_mid,0.8207631905873617
63.52012056494102,mainstem_mid,0.8203417460123699
63.62889284068046,mainstem_mid,0.8199343681335449
63.73767980931995,mainstem_mid,0.8195407390594482
63.846481922787184,mainstem_mid,0.8191608587900798
63.95529961751967,mainstem_mid,0.8187947273254395
64.06413332769564,mainstem_mid,0.8184425830841064
64.17298348573159,mainstem_mid,0.8181044260660808
64.28185052153945,mainstem_mid,0.817780335744222
64.39073486462706,mainstem_mid,0.8174702326456706
64.49963698780492,mainstem_mid,0.8171743551890056
64.60855744038489,mainstem_mid,0.8168923060099285
64.71749673408513,mainstem_mid,0.8166244029998779
64.82645531737026,mainstem_mid,0.8163707256317139
64.93543359186287,mainstem_mid,0.8161311944325765
65.04443192637588,mainstem_mid,0.8159054120381674
65.15345067320756,mainstem_mid,0.8156933784484863
65.26249017923499,mainstem_mid,0.8154951731363933
65.37155079869306,mainstem_mid,0.8153110345204672
65.48063288808368,mainstem_mid,0.815140962600708
65.58973683342664,mainstem_mid,0.8149846394856771
65.69886301773273,mainstem_mid,0.8148420651753744
65.80801181872884,mainstem_mid,0.8147131601969402
65.9171836003957,mainstem_mid,0.8145976066589355
66.02637869630125,mainstem_mid,0.8144957224527996
66.13559739913093,mainstem_mid,0.8144075870513916
66.24483997386571,mainstem_mid,0.8143328825632732
66.35410655256581,mainstem_mid,0.8142712116241455
66.4633971793978,mainstem_mid,0.8142229715983074
66.57271213335676,mainstem_mid,0.8141876856486003
66.68205171668187,mainstem_mid,0.814165194829305
66.79141620611995,mainstem_mid,0.8141554196675619
66.90080586591942,mainstem_mid,0.8141584396362305
67.0102209511378,mainstem_mid,0.8141742547353109
67.11966171465062,mainstem_mid,0.8142023086547852
67.22912840821726,mainstem_mid,0.8142428398132324
67.33862124833561,mainstem_mid,0.8142955303192139
67.44814041884906,mainstem_mid,0.8143601417541504
67.55768607967372,mainstem_mid,0.8144367535909017
67.66725835711557,mainstem_mid,0.8145252863566081
67.77685734457852,mainstem_mid,0.8146254221598308
67.88648317587861,mainstem_mid,0.8147370020548503
67.99613599468032,mainstem_mid,0.814859946568807
68.10581589336631,mainstem_mid,0.8149938583374023
68.21552292687792,mainstem_mid,0.815138578414917
68.32525715405188,mainstem_mid,0.8152938683827718
68.43501866638591,mainstem_mid,0.8154596487681072
68.54480755512206,mainstem_mid,0.8156356016794841
68.6546238892008,mainstem_mid,0.8158218065897624
68.76446773767067,mainstem_mid,0.816018025080363
68.8743391840498,mainstem_mid,0.8162241776784261
68.98423844828848,mainstem_mid,0.8164400259653728
69.09416578718573,mainstem_mid,0.8166655699412029
69.20412143860364,mainstem_mid,0.8169001738230388
69.31410563354903,mainstem_mid,0.8171439170837402
69.42411861384355,mainstem_mid,0.8173964023590088
69.53416061208003,mainstem_mid,0.8176573912302654
69.64423182764156,mainstem_mid,0.8179268836975098
69.7543324243192,mainstem_mid,0.8182043234507244
69.86446253872901,mainstem_mid,0.8184897104899089
69.97462230415552,mainstem_mid,0.8187831242879232
70.08481183815195,mainstem_mid,0.81908384958903
70.19503124560349,mainstem_mid,0.8193919658660889
70.30528063109246,mainstem_mid,0.8197070757548015
70.41556010241227,mainstem_mid,0.82002854347229
70.52586976983798,mainstem_mid,0.8203564484914144
70.63620975175257,mainstem_mid,0.8206905523935955
70.74658020441753,mainstem_mid,0.821030855178833
70.85698129751074,mainstem_mid,0.8213770389556885
70.96741318324663,mainstem_mid,0.8217290242513021
71.07787598949567,mainstem_mid,0.822086254755656
71.18836982135598,mainstem_mid,0.8224488099416097
71.29889476879549,mainstem_mid,0.8228160540262859
71.40945091003016,mainstem_mid,0.8231879870096843
71.52003831072831,mainstem_mid,0.823564370473226
71.63065702561383,mainstem_mid,0.8239451249440511
71.74130710277055,mainstem_mid,0.8243297735850017
71.85198858791557,mainstem_mid,0.8247183163960775
71.96270153481461,mainstem_mid,0.8251104354858398
72.07344600911233,mainstem_mid,0.82550581296285
72.18422208517079,mainstem_mid,0.825904130935669
72.29502984217302,mainstem_mid,0.8263050715128581
72.40586937595462,mainstem_mid,0.8267086346944174
72.51674080067093,mainstem_mid,0.8271144231160482
72.62764425169898,mainstem_mid,0.8275221983591716
72.73857987551844,mainstem_mid,0.8279316425323486
72.84954781757635,mainstem_mid,0.8283426761627197
72.96054821693944,mainstem_mid,0.8287550608317058
73.07158120557803,mainstem_mid,0.8291684786478679
73.18264690346152,mainstem_mid,0.8295830090840658
73.29374540994235,mainstem_mid,0.8299983342488607
73.40487680444616,mainstem_mid,0.8304145336151123
73.51604116560914,mainstem_mid,0.8308308124542236
73.627238556635,mainstem_mid,0.8312473297119141
73.73846896036484,mainstem_mid,0.8316636880238851
73.84973231395595,mainstem_mid,0.8320794900258383
73.96102852924643,mainstem_mid,0.8324948151906332
74.07235751570296,mainstem_mid,0.8329090277353922
74.18371920623085,mainstem_mid,0.833322286605835
74.29511354755407,mainstem_mid,0.8337341149648031
74.406540473426,mainstem_mid,0.8341442743937174
74.51799989184043,mainstem_mid,0.8345527648925781
74.62949168812997,mainstem_mid,0.834959348042806
74.741015733598,mainstem_mid,0.835364023844401
74.85257189486009,mainstem_mid,0.8357664744059244
74.96416003932323,mainstem_mid,0.8361666997273763
75.07578003791198,mainstem_mid,0.8365643819173177
75.18743175752738,mainstem_mid,0.8369592825571696
75.2991150514466,mainstem_mid,0.8373514811197916
75.4108297787643,mainstem_mid,0.8377405802408854
75.52257581047782,mainstem_mid,0.8381263415018717
75.63435298222531,mainstem_mid,0.8385087649027506
75.74616122821881,mainstem_mid,0.838887612024943
75.8580004757326,mainstem_mid,0.8392628033955892
75.96987064008417,mainstem_mid,0.83963410059611
76.08177163454114,mainstem_mid,0.8400011857350668
76.19370336874334,mainstem_mid,0.8403640588124593
76.3056657123875,mainstem_mid,0.8407227993011475
76.41765848787134,mainstem_mid,0.8410774072011312
76.52968149468032,mainstem_mid,0.8414275646209717
76.64173453011753,mainstem_mid,0.8417729536692301
76.75381740584173,mainstem_mid,0.8421135743459066
76.8659299540659,mainstem_mid,0.8424491882324219
76.97807203022086,mainstem_mid,0.8427797158559164
77.090243487979,mainstem_mid,0.8431052366892496
77.20244412375756,mainstem_mid,0.8434253533681234
77.31467366412353,mainstem_mid,0.8422622680664062
77.42686843238927,mainstem_mid,0.8426141738891602
77.53907844668846,mainstem_mid,0.8429614702860514
77.65133947853272,mainstem_mid,0.843303918838501
77.76364803019905,mainstem_mid,0.8421645959218343
77.87590992651238,mainstem_mid,0.8425381978352865
77.98819624328853,mainstem_mid,0.8429063161214193
78.10052153083717,mainstem_mid,0.8432681560516357
78.21287118240974,mainstem_mid,0.8421508471171061
78.32517308552804,mainstem_mid,0.8425408999125162
78.43750069713235,mainstem_mid,0.8429239590962728
78.54987012148756,mainstem_mid,0.8425680796305338
78.66223326601603,mainstem_mid,0.8429567019144694
78.77462259221907,mainstem_mid,0.8418749968210856
78.88697387287709,mainstem_mid,0.8422890504201254
78.99934857468584,mainstem_mid,0.8426947593688965
79.11177080326034,mainstem_mid,0.8416375319163004
79.22415583741919,mainstem_mid,0.8420668443044027
79.33655995837033,mainstem_mid,0.8424868583679199
79.44900808465763,mainstem_mid,0.8414506117502848
79.56142236039004,mainstem_mid,0.8418912092844645
79.6738552409208,mainstem_mid,0.8423216342926025
79.78633334299882,mainstem_mid,0.8413025538126627
79.89877881800959,mainstem_mid,0.8417519728342692
80.01124477218798,mainstem_mid,0.8421900272369385
80.12375482944904,mainstem_mid,0.8411844571431478
80.2362306936121,mainstem_mid,0.8416392008463541
80.34872771060914,mainstem_mid,0.8413710594177246
80.4612352932091,mainstem_mid,0.8418209552764893
80.57377125590604,mainstem_mid,0.8408369223276774
80.68627347643799,mainstem_mid,0.8413010438283285
80.79879892048966,mainstem_mid,0.841045618057251
80.91133441550983,mainstem_mid,0.841502825419108
81.02389691418537,mainstem_mid,0.8405350844065348
81.13642436216001,mainstem_mid,0.8410043716430664
81.24897550328726,mainstem_mid,0.8407576084136963
81.36153618944071,mainstem_mid,0.8412182331085205
81.47412399004148,mainstem_mid,0.8402616182963053
81.58667635093137,mainstem_mid,0.8407325744628906
81.69925285805081,mainstem_mid,0.841188907623291
81.81186845578323,mainstem_mid,0.8402316570281982
81.92444336845837,mainstem_mid,0.8406972090403239
82.03704075927807,mainstem_mid,0.8404523531595866
82.14964454807122,mainstem_mid,0.8409072558085123
82.26227547468508,mainstem_mid,0.8399550914764404
82.37486973167239,mainstem_mid,0.8404183387756348
82.48748955295166,mainstem_mid,0.8408660888671875
82.6001473426236,mainstem_mid,0.8399093945821127
82.7127636681324,mainstem_mid,0.8403650124867758
82.82540883714204,mainstem_mid,0.8401130040486654
82.93805585227295,mainstem_mid,0.8405563036600748
83.05073091671235,mainstem_mid,0.8396003246307373
83.16336785809693,mainstem_mid,0.8400506178538004
83.27603891305866,mainstem_mid,0.8404852549235026
83.38873957166378,mainstem_mid,0.8395227591196696
83.50139869430078,mainstem_mid,0.8399637540181478
83.61409027741769,mainstem_mid,0.8403889338175455
83.72680983324139,mainstem_mid,0.8394196033477783
83.83948677654634,mainstem_mid,0.8398510615030924
83.95219549363317,mainstem_mid,0.8402660687764486
84.06493149976522,mainstem_mid,0.8392890294392904
84.17762431142334,mainstem_mid,0.8397101561228434
84.29034782762128,mainstem_mid,0.8401153882344564
84.40309774072982,mainstem_mid,0.839818557103475
84.51583313316922,mainstem_mid,0.840210755666097
84.62858816815094,mainstem_mid,0.8392135302225748
84.74129954036893,mainstem_mid,0.8396123250325521
84.85404022486753,mainstem_mid,0.8399953842163086
84.9668033041136,mainstem_mid,0.8396778106689453
85.07954941533933,mainstem_mid,0.8400491873423258
85.19231321274073,mainstem_mid,0.839720884958903
85.30506032969053,mainstem_mid,0.8400808970133463
85.41782410349079,mainstem_mid,0.839055061340332
85.53053935195847,mainstem_mid,0.8394237359364828
85.64327826639564,mainstem_mid,0.8397775491078695
85.75603709633093,mainstem_mid,0.8401164213816324
85.86880735777274,mainstem_mid,0.8390703996022543
85.98152380389831,mainstem_mid,0.8394195238749186
86.0942609911094,mainstem_mid,0.8397547403971354
86.20701609460583,mainstem_mid,0.8400755723317465
86.31978030971815,mainstem_mid,0.8390122254689535
86.43248852228375,mainstem_mid,0.8393436272939047
86.54521408284332,mainstem_mid,0.8396616776784261
86.65795720116569,mainstem_mid,0.8399662971496582
86.77070920549554,mainstem_mid,0.8395731449127197
86.88343416133503,mainstem_mid,0.8398703734079996
86.99616610059594,mainstem_mid,0.8401544888814291
87.10890394999541,mainstem_mid,0.8390544255574545
87.22158176899646,mainstem_mid,0.8393519719441732
87.33427151036851,mainstem_mid,0.839637279510498
87.44697903439355,mainstem_mid,0.8399105866750082
87.55969575259118,mainstem_mid,0.8401714166005453
87.67241518324967,mainstem_mid,0.8390477498372396
87.7850731397302,mainstem_mid,0.839323361714681
87.8977403051242,mainstem_mid,0.8395874500274658
88.01042382101957,mainstem_mid,0.8398400942484537
88.12311419200887,mainstem_mid,0.8400812943776449
88.23580579355259,mainstem_mid,0.8396256764729818
88.34846459099909,mainstem_mid,0.8398639361063639
88.46112623837662,mainstem_mid,0.8400913874308268
88.5737922858794,mainstem_mid,0.8396221796671549
88.68642744032124,mainstem_mid,0.8398480415344238
88.79906662129028,mainstem_mid,0.8400634129842123
88.91171144190693,mainstem_mid,0.839581569035848
89.02432737022674,mainstem_mid,0.839796225229899
89.1369478971351,mainstem_mid,0.8400014241536459
89.24957430467931,mainstem_mid,0.8401970863342285
89.36220114498204,mainstem_mid,0.839695930480957
89.47479472173312,mainstem_mid,0.8398918310801188
89.5873903936853,mainstem_mid,0.8400789101918539
89.69999078295668,mainstem_mid,0.8402571678161621
89.81259097046089,mainstem_mid,0.839738925298055
89.92515768551122,mainstem_mid,0.8399193286895752
90.03772680297537,mainstem_mid,0.8400914669036865
90.15030153890103,mainstem_mid,0.8402556578318278
90.26287650762632,mainstem_mid,0.8397227923075358
90.37541823794429,mainstem_mid,0.8398908774058024
90.48796237427688,mainstem_mid,0.8400514125823975
90.60051170359391,mainstem_mid,0.8402045567830404
90.71306103215684,mainstem_mid,0.8403504689534506
90.82560696424105,mainstem_mid,0.8398001988728842
90.93811796246396,mainstem_mid,0.839951753616333
91.05063077964057,mainstem_mid,0.8400967915852865
91.16314830114064,mainstem_mid,0.8402353127797445
91.27566559058621,mainstem_mid,0.8403670787811279
91.388179687592,mainstem_mid,0.839802106221517
91.50065940062842,mainstem_mid,0.8399410247802734
91.61314164068429,mainstem_mid,0.8400741418202718
91.72562900944794,mainstem_mid,0.8402016162872314
91.83811664219631,mainstem_mid,0.8403234481811523
91.95060165149765,mainstem_mid,0.8404394785563151
92.06308263514028,mainstem_mid,0.8398581345876058
92.1755286562326,mainstem_mid,0.8399825890858968
92.28797693283383,mainstem_mid,0.8401021162668864
92.40042996540035,mainstem_mid,0.8402165571848551
92.51288331413804,mainstem_mid,0.8403260707855225
92.62533467353876,mainstem_mid,0.8404306570688883
92.73778300042356,mainstem_mid,0.8405301570892334
92.85022747505376,mainstem_mid,0.8399317264556885
92.96263732378013,mainstem_mid,0.840041716893514
93.07505036354387,mainstem_mid,0.8401474952697754
93.18746867873625,mainstem_mid,0.8402489821116129
93.29988837722813,mainstem_mid,0.8403464158376058
93.41230754120414,mainstem_mid,0.8404397169748942
93.52472485597052,mainstem_mid,0.8405291239420573
93.63713959785991,mainstem_mid,0.840614398320516
93.74955099894186,mainstem_mid,0.8406957785288492
93.86195862254358,mainstem_mid,0.8400781154632568
93.97433234760092,mainstem_mid,0.840172290802002
94.08671172217447,mainstem_mid,0.8402632077534994
94.19909727546847,mainstem_mid,0.840350866317749
94.31148624525332,mainstem_mid,0.8404351075490316
94.423876705764,mainstem_mid,0.8405160903930664
94.53626686822247,mainstem_mid,0.8405938943227133
94.64865652238568,mainstem_mid,0.8406688372294108
94.7610451147018,mainstem_mid,0.8407406012217203
94.87343222296417,mainstem_mid,0.8408089478810629
94.9858175670569,mainstem_mid,0.8408741156260172
95.09820128630179,mainstem_mid,0.8402376969655355
95.21055317411624,mainstem_mid,0.8403170108795166
95.3229140050618,mainstem_mid,0.8403940200805664
95.43528161190378,mainstem_mid,0.8404686450958252
95.54765421186477,mainstem_mid,0.8405407269795736
95.66003030596802,mainstem_mid,0.8406103452046713
95.7724083291431,mainstem_mid,0.8406775792439779
95.88478853605376,mainstem_mid,0.8407421906789144
95.99717074559504,mainstem_mid,0.8408043384552002
96.10955457942353,mainstem_mid,0.840864102045695
96.22193956371369,mainstem_mid,0.8409215609232584
96.33432543599875,mainstem_mid,0.84097687403361
96.44671243627367,mainstem_mid,0.8403289318084717
96.55907007252094,mainstem_mid,0.8404003779093424
96.67143942351196,mainstem_mid,0.8404699961344401
96.78381723453734,mainstem_mid,0.8405381838480631
96.89620176059182,mainstem_mid,0.8406045436859131
97.0085919798719,mainstem_mid,0.8406688372294108
97.12098642048328,mainstem_mid,0.8407312234242758
97.23338537447876,mainstem_mid,0.8407917817433676
97.34578867066587,mainstem_mid,0.8408506711324056
97.45819587908534,mainstem_mid,0.8409076531728109
97.57060646495923,mainstem_mid,0.8409627278645834
97.68301986443545,mainstem_mid,0.8410155773162842
97.79543570224003,mainstem_mid,0.8410664399464926
97.90785410297056,mainstem_mid,0.8404130140940348
98.02024460497616,mainstem_mid,0.8404803276062012
98.13264803975679,mainstem_mid,0.8405463695526123
98.24506154271643,mainstem_mid,0.8406110604604086
98.35748285644264,mainstem_mid,0.840674082438151
98.46991084529888,mainstem_mid,0.8407355149586996
98.58234415196891,mainstem_mid,0.8407954374949137
98.694782829899,mainstem_mid,0.8408536116282145
98.80722651995471,mainstem_mid,0.8409100373586019
98.91967469743086,mainstem_mid,0.8409648736317953
99.03212671630126,mainstem_mid,0.8410181204477946
99.14458190561234,mainstem_mid,0.8410696188608805
99.2570396572009,mainstem_mid,0.8404161930084229
99.36946918157358,mainstem_mid,0.8404840628306071
99.48191128913818,mainstem_mid,0.8405505021413168
99.59436320798837,mainstem_mid,0.8406155109405518
99.7068228411754,mainstem_mid,0.840678850809733
99.81928884207376,mainstem_mid,0.8407406012217203
99.93175966147143,mainstem_mid,0.8408008416493734
100.04423530061491,mainstem_mid,0.8408591747283936
100.15671526375567,mainstem_mid,0.84091583887736
100.26919885051,mainstem_mid,0.8409708340962728
100.38168525942999,mainstem_mid,0.8410242398579916
100.49417367318624,mainstem_mid,0.8410758177439371
100.6066633405385,mainstem_mid,0.8404229482014974
100.71912349051298,mainstem_mid,0.8404912153879801
100.83159443184535,mainstem_mid,0.840558131535848
100.94407428328984,mainstem_mid,0.8406236171722412
101.0565605170857,mainstem_mid,0.8406873544057211
101.1690513242842,mainstem_mid,0.8407495021820068
101.28154530743521,mainstem_mid,0.8408101399739584
101.39404209233676,mainstem_mid,0.8408689498901367
101.5065410525142,mainstem_mid,0.8409261703491211
101.61904151389797,mainstem_mid,0.8409818808237711
101.73154278177755,mainstem_mid,0.8410356044769287
101.84404417394816,mainstem_mid,0.8403854370117188
101.95651483924222,mainstem_mid,0.8404560089111328
102.06899362171734,mainstem_mid,0.8405250708262125
102.1814808683729,mainstem_mid,0.8405929406483968
102.29397280588041,mainstem_mid,0.8406590620676676
102.40646724971721,mainstem_mid,0.8407235145568848
102.51896343431386,mainstem_mid,0.8407860596974691
102.63146077732681,mainstem_mid,0.8408467769622803
102.74395877356896,mainstem_mid,0.8409058252970377
102.85645694104505,mainstem_mid,0.8409632841746012
102.96895469817845,mainstem_mid,0.8403170903523763
103.08142114505627,mainstem_mid,0.8403910001118978
103.1938946223911,mainstem_mid,0.8404633204142252
103.30637599049378,mainstem_mid,0.8405342896779379
103.41886079580806,mainstem_mid,0.8406033515930176
103.53134690908335,mainstem_mid,0.8406709035237631
103.64383337527431,mainstem_mid,0.8407367070515951
103.7563196181405,mainstem_mid,0.8408006032307943
103.8688053082613,mainstem_mid,0.8408627510070801
103.98129021861911,mainstem_mid,0.8409232298533121
104.09377401907774,mainstem_mid,0.8402809302012125
104.2062260523745,mainstem_mid,0.8403577009836832
104.31868453532732,mainstem_mid,0.8404328028361002
104.43115078595493,mainstem_mid,0.8405065536499023
104.54362030131858,mainstem_mid,0.8405783176422119
104.65609073519794,mainstem_mid,0.8406484921773275
104.76856099872273,mainstem_mid,0.8407169183095297
104.88103044483066,mainstem_mid,0.840783437093099
104.99349873813325,mainstem_mid,0.8408481280008951
105.1059657187092,mainstem_mid,0.8409106731414795
105.21843116068527,mainstem_mid,0.8402712345123291
105.33086455178282,mainstem_mid,0.840350071589152
105.44330409827452,mainstem_mid,0.8404272397359213
105.5557512967939,mainstem_mid,0.8405025800069174
105.66820169246708,mainstem_mid,0.8405759334564209
105.7806529369854,mainstem_mid,0.8406477769215902
105.8931039456976,mainstem_mid,0.8407178719838461
106.00555411615846,mainstem_mid,0.8407859802246094
106.11800317935797,mainstem_mid,0.8408523400624593
106.23045105750627,mainstem_mid,0.8409165541330973
106.34289760233132,mainstem_mid,0.8402791817982992
106.45531240107668,mainstem_mid,0.8403596878051758
106.56773380059475,mainstem_mid,0.8404385248819987
106.68016305537228,mainstem_mid,0.8405155340830485
106.79259577856446,mainstem_mid,0.8405906359354655
106.9050297304508,mainstem_mid,0.8406639893849691
107.01746387755259,mainstem_mid,0.8407352765401205
107.12989773536356,mainstem_mid,0.840804656346639
107.24233111867652,mainstem_mid,0.8408722877502441
107.35476395879884,mainstem_mid,0.8409377733866373
107.46719605996253,mainstem_mid,0.8403016726175944
107.57959694373054,mainstem_mid,0.8403835296630859
107.69200505080862,mainstem_mid,0.8404637177785238
107.80442118153907,mainstem_mid,0.8405418395996094
107.91684093667381,mainstem_mid,0.8406180540720621
108.02926231305987,mainstem_mid,0.8406925201416016
108.14168451435768,mainstem_mid,0.8407649993896484
108.25410711840752,mainstem_mid,0.8408355712890625
108.36652989973688,mainstem_mid,0.8409043947855631
108.47895270956357,mainstem_mid,0.8402708371480306
108.59134513516425,mainstem_mid,0.8403557936350504
108.70374592896351,mainstem_mid,0.8404390017191569
108.81615528337431,mainstem_mid,0.84052046140035
108.92856872498284,mainstem_mid,0.8405998547871908
109.04098427329956,mainstem_mid,0.8406773408253988
109.15340118522444,mainstem_mid,0.8407526810963949
109.26581907632315,mainstem_mid,0.8408260345458984
109.37823776549169,mainstem_mid,0.8408975601196289
109.49065711492261,mainstem_mid,0.8409666220347086
109.60307686053956,mainstem_mid,0.8403329054514567
109.71546645196118,mainstem_mid,0.8404176235198975
109.82786476156994,mainstem_mid,0.8405003547668457
109.9402716142723,mainstem_mid,0.8405810197194418
110.05268313127736,mainstem_mid,0.8406596978505453
110.16509765548358,mainstem_mid,0.8407365481058756
110.27751422379683,mainstem_mid,0.8408114115397135
110.38993271048041,mainstem_mid,0.8408843676249186
110.50235287565785,mainstem_mid,0.8409554958343506
110.61477442195374,mainstem_mid,0.8410242398579916
110.72719694975835,mainstem_mid,0.8403896490732828
110.83958980621641,mainstem_mid,0.8404740492502848
110.95199203564742,mainstem_mid,0.8405565420786539
111.06440300609528,mainstem_mid,0.8406373659769694
111.17681923486387,mainstem_mid,0.8407162030537924
111.2892391250902,mainstem_mid,0.8407932122548422
111.40166159884733,mainstem_mid,0.8408681551615397
111.51408668612189,mainstem_mid,0.8409411112467448
111.62651418757757,mainstem_mid,0.8410120010375977
111.73894379653092,mainstem_mid,0.8403786023457845
111.85134486342832,mainstem_mid,0.8404649098714193
111.96375660035496,mainstem_mid,0.8405495484670004
112.07617785658904,mainstem_mid,0.840632438659668
112.18860467511638,mainstem_mid,0.8407132625579834
112.30103570248512,mainstem_mid,0.8407920996348063
112.41346971804427,mainstem_mid,0.8408687114715576
112.5259067245235,mainstem_mid,0.8409432570139567
112.63834655198337,mainstem_mid,0.8410155773162842
112.75078891569737,mainstem_mid,0.8403836886088053
112.86320314490023,mainstem_mid,0.8404716650644938
112.97562851750125,mainstem_mid,0.8405574957529703
113.08806368459209,mainstem_mid,0.8406414190928141
113.2005046744396,mainstem_mid,0.8407231966654459
113.3129501050352,mainstem_mid,0.8408029874165853
113.42539873069812,mainstem_mid,0.8408804734547933
113.53785047297464,mainstem_mid,0.8409555753072103
113.65030507595469,mainstem_mid,0.8410283724466959
113.76276218466532,mainstem_mid,0.840397040049235
113.87519107896706,mainstem_mid,0.840485413869222
113.98763094141754,mainstem_mid,0.8405715624491373
114.10008060647057,mainstem_mid,0.8406558036804199
114.21253584863175,mainstem_mid,0.8407375812530518
114.3249952349154,mainstem_mid,0.8408172925313314
114.43745766571558,mainstem_mid,0.8408943812052408
114.54992291761774,mainstem_mid,0.8409690856933594
114.66239070666282,mainstem_mid,0.8410414854685465
114.77486069738252,mainstem_mid,0.840410073598226
114.8873021944999,mainstem_mid,0.8404980500539144
114.99975425119003,mainstem_mid,0.8405838012695312
115.11221600343266,mainstem_mid,0.8406676451365153
115.22468299759578,mainstem_mid,0.8407490253448486
115.3371536659849,mainstem_mid,0.8408284187316895
115.44962702887403,mainstem_mid,0.8409051100413004
115.56210270332505,mainstem_mid,0.8409794171651205
115.6745803771237,mainstem_mid,0.8403495947519938
115.78702949860724,mainstem_mid,0.8404396375020345
115.89948917360682,mainstem_mid,0.8405276934305826
116.01195879670628,mainstem_mid,0.8406137625376383
116.12443374998156,mainstem_mid,0.8406972090403239
116.23691199538372,mainstem_mid,0.8407784303029379
116.34939255111841,mainstem_mid,0.8408572673797607
116.46187478801191,mainstem_mid,0.8409335613250732
116.57435830902313,mainstem_mid,0.8410074710845947
116.68684279972169,mainstem_mid,0.8403777281443278
116.79929765898123,mainstem_mid,0.8404666582743326
116.91176175379015,mainstem_mid,0.8405532836914062
117.02423488389357,mainstem_mid,0.8406379222869873
117.13671257094663,mainstem_mid,0.840720017751058
117.24919283831521,mainstem_mid,0.8408000469207764
117.36167476557512,mainstem_mid,0.8408776919047037
117.47415776340222,mainstem_mid,0.8409528732299805
117.58664143476155,mainstem_mid,0.8403247197469076
117.6990952484667,mainstem_mid,0.8404151598612467
117.81155763970366,mainstem_mid,0.8405032157897949
117.92402954697663,mainstem_mid,0.8405892054239908
118.0365059130825,mainstem_mid,0.8406728903452555
118.14898452326811,mainstem_mid,0.8407543500264486
118.26146424220406,mainstem_mid,0.8408335049947103
118.37394434160701,mainstem_mid,0.8409104347229004
118.48642439727833,mainstem_mid,0.8409849007924398
118.598904154055,mainstem_mid,0.8403564294179281
118.71135315731746,mainstem_mid,0.8404459158579508
118.82381012151066,mainstem_mid,0.8405330975850424
118.93627554301291,mainstem_mid,0.8406178951263428
119.04874493363128,mainstem_mid,0.8407001495361328
119.16121615212694,mainstem_mid,0.8407802581787109
119.27368816427835,mainstem_mid,0.8408580621083578
119.38616032906985,mainstem_mid,0.8409334818522135
119.49863226480038,mainstem_mid,0.8403057257334391
119.61107355329204,mainstem_mid,0.8403959274291992
119.72352142480699,mainstem_mid,0.840483824412028
119.83597951765307,mainstem_mid,0.8405696551005045
119.94844169786755,mainstem_mid,0.8406532605489095
120.0,mainstem_mid,0.8406906127929688
